frame,center_x,center_y,angle_deg,handle_x,handle_y,head_x,head_y,smoothed,interpolated,confidence
0,803.3572601846056,760.2268389473047,-104.36545080092066,807.4079799169572,776.1139772741353,799.306540452254,744.3397006204742,1,0,1.0
1,803.1998616497062,760.6007255486529,-102.90876372633153,806.9221433259744,776.8100219733328,799.4775799734381,744.391429123973,1,0,1.0
2,803.1317606041533,760.9509601543692,-116.67199616229158,809.1443574594803,778.8491331053814,797.1191637488264,743.0527872033571,1,0,1.0
3,803.0666846348618,761.3268047912952,-116.29711168522263,809.2545547265961,778.5844437789024,796.8788145431272,744.0691658036881,1,0,1.0
4,803.0438652166907,761.6675286991867,-103.04880426153765,807.9901966386808,776.0266164110117,798.0975337947009,747.3084409873618,1,0,1.0
5,802.9818113273116,761.8304550444743,-83.42527128001741,805.2432047472861,772.425182553616,800.720417907337,751.2357275353327,1,0,1.0
6,802.9377222112082,761.9562099575179,-60.113200908389075,801.5656972834865,768.3454709307715,804.3097471389298,755.5669489842642,1,0,1.0
7,803.408168395422,761.5733436365409,-28.509033974694972,797.1469743418284,762.013230892838,809.6693624490156,761.1334563802437,1,0,1.0
8,803.1620966670855,761.8730891379585,-4.595249010021604,792.462014192437,758.9729162299832,813.8621791417339,764.7732620459335,1,0,1.0
9,802.3826594772719,762.7561437839795,9.444316049735562,788.2466763441942,759.0031112955005,816.5186426103496,766.5091762724585,1,0,1.0
10,801.2476896991777,763.9304100192257,9.918600366416818,785.8120226733452,761.3371926322868,816.6833567250103,766.5236274061645,1,0,1.0
11,799.7492802371206,765.4361377531977,-1.2574294831478685,784.5935027728253,766.663306639454,814.9050577014159,764.2089688669412,1,0,1.0
12,798.2298476227404,767.0966028755649,-30.73307817884245,786.5859621052082,774.0618725435318,809.8737331402726,760.1313332075982,1,0,1.0
13,796.3649331829002,768.7926872881026,-46.0699996072741,786.43324449051,779.3834624533401,806.2966218752906,758.2019121228649,1,0,1.0
14,794.6542088751722,770.2893086278941,-57.15898288658512,786.4184665537407,783.485206863633,802.8899511966039,757.093410392155,1,0,1.0
15,793.3202192478943,771.4017950926511,-64.86023601089269,785.9472095994847,786.3790819705711,800.6932288963037,756.4245082147311,1,0,1.0
16,792.2525024373887,772.2809870379084,-67.99391025058902,785.4421938005645,787.7079489817997,799.062811074213,756.8540250940171,1,0,1.0
17,790.6787611026648,772.7077494027624,-71.43075175036681,784.7751767557559,788.1096451850253,796.5823454495738,757.3058536204996,1,0,1.0
18,789.7656490054278,773.1973534465485,-63.94406663669762,783.213752335562,787.2377764650087,796.3175456752933,759.1569304280882,1,0,1.0
19,790.0861849760151,773.378703162286,-61.460439593377295,783.8309685128986,786.0972395989156,796.3414014391316,760.6601667256566,1,0,1.0
20,789.9214806564332,773.6930697053053,-60.64378051056846,784.172378879134,785.4791137862321,795.6705824337323,761.9070256243785,1,0,1.0
21,789.3706526671698,774.205623222518,-62.9133689523219,784.635516175279,785.5897657701705,794.1057891590606,762.8214806748656,1,0,1.0
22,788.2017021690806,774.9359021630844,-68.63115948794123,785.1094809647434,786.432430975719,791.293923373418,763.4393733504498,1,0,1.0
23,786.5282151568038,775.8165886636078,-74.68485142027794,784.8768027093323,787.6990472280778,788.179627604275,763.9341300991379,1,0,1.0
24,783.6380701497169,776.5270975615427,-81.3353823268659,783.3287848087314,789.4133931567685,783.9473554907023,763.640801966317,1,0,1.0
25,782.116013007029,777.6498946096925,-88.06867289402953,782.9076221377451,791.0884833056002,781.3244038763128,764.211305913785,1,0,1.0
26,780.7982064374658,779.4288145242205,-96.74053612559038,782.8980312841218,794.1160811831704,778.6983815908097,764.7415478652704,1,0,1.0
27,778.9766908401065,781.6451456880608,-105.49976833453015,782.1063778043145,798.2590442714663,775.8470038758984,765.0312471046552,1,0,1.0
28,779.5956679227859,783.3959428344876,-103.15291588322569,782.0256204061031,800.9321350428763,777.1657154394684,765.859750626099,1,0,1.0
29,778.9643635675297,780.4439301835922,-97.60399317644611,781.4940262829275,797.3687593684407,776.4347008521318,763.5191009987436,1,0,1.0
30,777.2768893691984,782.1950257818328,-83.57996404144583,776.8533806476175,797.1634719047288,777.7003980907795,767.226579658937,1,0,1.0
31,776.0579513729235,787.3491991617144,-65.25799422706831,771.1890843989515,798.9976451260683,780.9268183468957,775.7007531973604,1,0,1.0
32,774.7932241081644,795.1974592699905,-45.63786137280072,764.4832974848077,803.068709325036,785.1031507315213,787.3262092149452,1,0,1.0
33,774.0853216901035,804.8192773902651,-24.704372067079667,757.692748953107,808.6900877618207,790.4778944271,800.9484670187096,1,0,1.0
34,773.2804796857833,815.3142229020993,-5.347050757485049,752.5010564023318,815.019603114752,794.0599029692349,815.6088426894466,1,0,1.0
35,775.7953299392703,825.2332668979293,7.242656897055285,749.8653812028742,821.9756291170759,801.7252786756665,828.4909046787827,1,0,1.0
36,777.9820517598027,834.2764365640462,16.13059946538775,748.8527452096145,828.3716807618496,807.1113583099907,840.1811923662428,1,0,1.0
37,779.2554151484833,840.7765412844687,18.594102286583574,748.7218198072583,833.4790406175994,809.7890104897084,848.0740419513381,1,0,1.0
38,779.4354493951232,842.5691377107238,12.36173957070548,749.5433664615989,835.9329072116122,809.3275323286474,849.2053682098356,1,0,1.0
39,775.5658084594779,837.152025341263,14.549191183757781,745.6624453993952,829.4064797381378,805.4691715195606,844.8975709443881,1,0,1.0
40,772.2154440070481,835.4631203916797,16.510106652562293,741.4715804829445,826.3925851309377,802.9593075311515,844.5336556524221,1,0,1.0
41,768.7569809137667,844.3053785828863,31.404748667423533,735.1408781157538,830.0295953908148,802.3730837117797,858.5811617749578,1,0,1.0
42,768.3475717373104,831.2878952038701,19.379446185234237,738.6875348948911,820.0842925705774,798.0076085797298,842.4914978371628,1,0,1.0
43,769.4660160775712,822.5588898293245,11.44191697074805,743.8535083642007,813.1868117316382,795.0785237909415,831.9309679270107,1,0,1.0
44,771.1341586038345,816.2866500661474,4.806916737374159,748.7340169421469,808.6550845224236,793.5343002655219,823.9182156098711,1,0,1.0
45,777.7441677127263,817.1020140643411,2.121868846219888,756.4405499795287,810.0024278700714,799.0477854459241,824.2016002586108,1,0,1.0
46,780.0897503736843,817.0730926968115,3.618447767148485,761.0328450817964,809.4767953229789,799.1466556655723,824.6693900706441,1,0,1.0
47,774.5342871552348,825.3323163741302,12.119286233623011,756.4126953984343,815.569216229761,792.6558789120352,835.0954165184994,1,0,1.0
48,771.6176488219173,821.0660614363412,12.917872312391731,754.4207890126609,811.777451133624,788.8145086311737,830.3546717390585,1,0,1.0
49,773.6014880508645,796.8489887297865,2.629702423469987,756.0989531784669,792.4875461405688,791.104022923262,801.2104313190041,1,0,1.0
50,773.2780217312654,780.7627533990485,0.7074488077970464,755.1159276717774,778.663420463484,791.4401157907535,782.862086334613,1,0,1.0
51,770.7653506916472,773.6211799336643,5.932890849666977,751.0781363976907,771.4588044835011,790.4525649856037,775.7835553838274,1,0,1.0
52,769.5101579357074,751.3771166546762,-9.824202521861864,754.8162312242289,755.3374212469209,784.2040846471857,747.4168120624315,1,0,1.0
53,766.9439958130771,747.1507042153005,-9.742823464453876,753.3255280122739,751.7625336877254,780.5624636138803,742.5388747428755,1,0,1.0
54,764.1360953571512,750.9923502509099,-7.506925610542477,749.9411673489114,755.0724621209793,778.331023365391,746.9122383808406,1,0,1.0
55,760.3315552970626,778.5217217927743,4.924348046007756,745.4647519565054,778.272297668052,775.1983586376198,778.7711459174966,1,0,1.0
56,755.1918719760095,791.6065856751379,13.794556284421713,740.5370532268904,788.1372239683085,769.8466907251286,795.0759473819674,1,0,1.0
57,749.9018292981253,799.1787133635736,22.039101677132017,733.6942336309809,792.961113387983,766.1094249652697,805.3963133391642,1,0,1.0
58,755.5530764139639,778.4948560004626,14.424406364220665,739.2502701605717,774.2579045080017,771.8558826673564,782.7318074929236,1,0,1.0
59,766.5796512252623,739.4810304536328,-0.9531197499692261,749.3428496605009,740.2645780972696,783.816452790024,738.697482809996,1,0,1.0
60,773.8483819606738,707.4089678430441,-7.703737956923861,755.9528659216081,710.1735506244655,791.7438979997394,704.6443850616226,1,0,1.0
61,780.1881507492153,676.9003374602719,-12.866406966445131,761.822221909845,681.200539181392,798.5540795885855,672.6001357391518,1,0,1.0
62,785.0133862140776,651.8960119536778,-14.50285435569356,766.8263625968436,656.8783863994743,803.200409831312,646.9136375078809,1,0,1.0
63,787.3006758704773,635.1485828559171,-14.188953924996659,768.4042532966239,639.9751105332138,806.1970984443309,630.3220551786205,1,0,1.0
64,786.4215195068737,631.0500657053708,-11.419649912791591,766.3841506341762,634.9852698601866,806.4588883795711,627.1148615505549,1,0,1.0
65,782.1455841082925,643.1354363423284,-5.156308718558896,760.8955600884372,645.1270006632199,803.3956081281478,641.143872021437,1,0,1.0
66,781.2234426129908,643.3129807481862,-3.2640326231463224,758.9434924954058,644.4887138371816,803.5033927305758,642.1372476591907,1,0,1.0
67,779.968381237981,645.3622597722601,-2.279288388448903,755.4062179677702,646.4694669096984,804.5305445081918,644.2550526348219,1,0,1.0
68,779.3138265854791,646.6647201922806,-2.2933479913462906,753.3380992917754,647.6985540192752,805.2895538791829,645.6308863652857,1,0,1.0
69,778.6597657081783,648.0655650603321,-1.8002214203252804,751.0388068482106,648.8927105678393,806.2807245681458,647.2384195528248,1,0,1.0
70,778.2116628615072,648.621539649267,-0.365391917620428,749.8438411557887,648.8174255706626,806.5794845672259,648.4256537278716,1,0,1.0
71,777.8420399580855,649.5011970839976,0.7177119012424318,749.0538894993128,649.1369840658349,806.6301904168583,649.8654101021602,1,1,0.5
72,777.6197576613285,650.2764483061796,1.9347187102181143,748.8065594000453,649.2663738401336,806.4329559226119,651.2865227722256,1,1,0.5
73,777.4178341068524,650.885924996448,3.3934088566148426,748.4977263648677,649.1251784711021,806.3379418488371,652.6466715217938,1,1,0.5
74,777.194625269656,651.4089975964374,4.586011283306732,748.1460595344803,649.0274788091999,806.2431910048318,653.7905163836751,1,1,0.5
75,776.9799770830671,652.1388585670613,5.856563067083006,747.7586932336148,649.0766735936726,806.2012609325193,655.2010435404502,1,1,0.5
76,776.8670189019372,653.2184695332436,6.960889641291091,747.5065517635153,649.5821277214645,806.227486040359,656.8548113450229,1,1,0.5
77,776.8938557899673,654.6397625358935,7.632969497129001,747.3216601334535,650.6334591437578,806.4660514464813,658.6460659280293,1,1,0.5
78,776.923803699049,655.188763666258,9.057655377644469,747.4608277219867,650.4763098719862,806.3867796761112,659.9012174605296,1,0,1.0
79,781.1454137168018,649.8060781131325,11.035349264256174,751.1900523426779,644.0821788817034,811.1007750909256,655.5299773445615,1,0,1.0
80,779.1886222453162,650.618133571135,11.308268336610926,749.9448513875857,644.7605208181037,808.4323931030469,656.4757463241662,1,0,1.0
81,776.1833242277326,659.5882428139464,10.984700914455058,746.9980720721342,653.9103322556213,805.368576383331,665.2661533722717,1,0,1.0
82,769.2807770861825,670.9056888149613,9.647201763888535,741.1544154302658,665.9214369465838,797.4071387420993,675.8899406833389,1,0,1.0
83,759.8455047422835,684.5201092596483,7.692863688850395,731.880193705741,680.5547450297297,787.8108157788259,688.4854734895669,1,0,1.0
84,748.7445684603424,697.3208274474061,5.376732526660744,721.4121346742854,694.5484095570855,776.0770022463994,700.0932453377268,1,0,1.0
85,737.1835440863973,707.5416690163304,3.0416520404709204,710.4181008113003,705.9508918394358,763.9489873614943,709.1324461932248,1,0,1.0
86,726.87044678275,715.8803859300558,0.6734593823832321,700.543335741582,715.4995291207824,753.1975578239181,716.2612427393292,1,0,1.0
87,718.5734456750058,719.393322464841,-3.7941062209988847,692.0909440155194,720.963575004733,745.0559473344921,717.8230699249491,1,0,1.0
88,712.7463668017117,715.0081885934026,10.282609285441774,683.9446464661219,714.1120222782806,741.5480871373013,715.9043549085245,1,0,1.0
89,714.2748893443531,706.8866955356625,9.447330044931647,686.8381109419615,704.8024194965083,741.7116677467448,708.9709715748168,1,0,1.0
90,715.1700821271311,707.9416468754304,-7.618124581021063,693.2822334603995,707.7290006552353,737.0579307938627,708.1542930956255,1,0,1.0
91,721.5284714230752,713.6891250469034,-29.647553126541066,705.7423868838194,716.1142362456922,737.3145559623308,711.2640138481145,1,0,1.0
92,727.1487301020979,716.8947558187859,-41.885356858842556,717.9095410622722,720.634257046698,736.3879191419237,713.1552545908738,1,0,1.0
93,734.3243514348575,723.8058481508368,-49.88277556485126,729.3566665035913,728.9559765199087,739.2920363661237,718.6557197817647,1,0,1.0
94,740.6297143009599,729.6995387899512,-48.68762738357423,737.3124401317401,734.6542836775352,743.94698847018,724.7447939023673,1,0,1.0
95,745.6768740247106,732.4807229752392,-41.277636253767625,741.1529846002438,736.3117136422943,750.2007634491777,728.6497323081844,1,1,0.5
96,749.2441759508374,731.9636407474762,-30.111657221583137,741.2673164079753,734.326012720762,757.2210354936994,729.6012687741904,1,0,1.0
97,750.5455463407698,725.0507762972354,-16.974209599766706,737.4390550481571,726.0277960433577,763.6520376333825,724.0737565511132,1,0,1.0
98,750.060566401123,712.1738537151623,3.6478846217724716,731.3811609655404,709.5339015202165,768.7399718367054,714.813805910108,1,0,1.0
99,750.7599321012123,698.7581932310254,-8.594288235948849,733.6431895847735,697.6176855962938,767.8766746176511,699.8987008657573,1,1,0.5
100,753.139275752779,681.8601163642543,-35.46440493527329,740.647546859292,685.1535716117905,765.6310046462659,678.5666611167181,1,1,0.5
101,756.7187655605245,660.1509187904389,-62.52498907759694,749.9228861079582,668.1664046117962,763.5146450130906,652.1354329690816,1,1,0.5
102,758.7988529270483,623.7976867095214,-77.99829782686427,757.1751128435765,634.6281138345964,760.4225930105201,612.9672595844463,1,1,0.5
103,766.548233144659,595.3661177583919,-86.08140763154915,767.3336063741461,608.5315929188016,765.7628599151717,582.2006425979821,1,0,1.0
104,779.2231190834567,573.6286232137626,-83.4331662385581,778.858860252842,587.1366625713954,779.5873779140716,560.1205838561298,1,1,0.5
105,794.2301309747835,560.8898487164809,-80.73626182143802,792.7741960184146,575.6899080486871,795.6860659311525,546.0897893842746,1,1,0.5
106,810.7042141592794,558.1516426845754,-76.92550571433054,807.899488807393,574.4603860340795,813.5089395111661,541.8428993350713,1,0,1.0
107,827.6193379063777,565.5337574743627,-72.05793982513916,823.1970046991671,583.1055340616286,832.0416711135883,547.9619808870966,1,0,1.0
108,843.7884954143044,582.2738493804459,-67.31283663552928,837.771400715988,600.6711705160428,849.8055901126207,563.8765282448488,1,0,1.0
109,858.9834616379824,607.0704488637751,-63.24190492411876,851.6120328041893,625.4744344352137,866.3548904717754,588.6664632923366,1,0,1.0
110,871.9082764537707,633.7533917667205,-56.266582117665216,862.4466019071954,650.6913752560447,881.3699510003458,616.8154082773963,1,1,0.5
111,880.9562771920694,656.284234675943,-46.07006483617732,868.561068855034,670.2232939434157,893.3514855291048,642.3451754084701,1,1,0.5
112,884.8480883054008,667.4844202017971,-31.961886851772327,868.5093388965475,676.8006681302468,901.1868377142541,658.1681722733474,1,1,0.5
113,889.6830257001416,683.4226252851249,-13.104562978787467,866.9744597014433,686.7881532944293,912.39159169884,680.0570972758205,1,0,1.0
114,893.4683780584103,699.7705704656746,-0.9795238150935888,866.8145608855118,699.7647005214111,920.122195231309,699.7764404099383,1,1,0.5
115,892.7984399538766,712.6485005367215,4.48136302589354,863.5695245097621,710.6040106226747,922.0273553979908,714.6929904507683,1,1,0.5
116,889.2662173675874,722.1083808000628,8.58402442147298,857.5705792422552,717.8770667205242,920.9618554929195,726.3396948796012,1,1,0.5
117,884.9314780215843,733.7696249015106,8.647588409076713,853.2483308444127,728.9380918425563,916.6146251987559,738.6011579604648,1,0,1.0
118,881.0684671259407,745.870956762479,7.511937571689473,850.4542495213896,741.1005231967424,911.6826847304919,750.6413903282154,1,0,1.0
119,879.1384488463657,758.4583265627687,7.410444389706704,849.8858313815372,753.7722816303733,908.3910663111944,763.1443714951641,1,0,1.0
120,878.7977323450203,769.9258172038171,6.193366382790346,851.5169001363912,766.0198096412049,906.0785645536496,773.8318247664293,1,0,1.0
121,877.1099960659349,779.135976934843,4.815368165287575,850.686062083179,776.1266548900279,903.5339300486905,782.1452989796582,1,0,1.0
122,874.2693917635238,786.2488690179214,3.8298015892427197,847.1129016706252,783.8937659163871,901.4258818564226,788.6039721194554,1,0,1.0
123,870.6765748977464,789.6648394903493,3.2573346775372025,841.9313636865868,787.7745623341498,899.421786108906,791.5551166465488,1,0,1.0
124,866.3699588427744,792.3239589722917,0.5361381784949779,836.4979838675815,792.0324484154,896.2419338179673,792.6154695291834,1,0,1.0
125,860.9294889388717,788.9852591759382,0.9697247417421238,828.006029211455,788.2932978557751,893.8529486662885,789.6772204961013,1,0,1.0
126,855.2855201009435,783.446988380008,1.694447844266851,818.4694664442255,782.2467084143511,892.1015737576613,784.6472683456648,1,0,1.0
127,851.5577731182493,780.9244924787886,1.4312099106480969,814.1471544223124,779.8443535839165,888.9683918141864,782.0046313736608,1,0,1.0
128,849.6708183546025,777.7665191218548,2.181358973615986,813.0919346389003,776.4435518766852,886.2497020703047,779.0894863670246,1,0,1.0
129,849.720828691949,774.3879731259382,3.0516330734695143,815.4640696979136,772.8240439478261,883.9775876859844,775.9519023040502,1,0,1.0
130,851.4579238154081,769.8012572043212,3.544821668026257,820.5162993002884,768.2305948782059,882.3995483305276,771.3719195304366,1,0,1.0
131,852.1472559663424,762.9959575007906,3.953341364669599,823.6946482695812,761.3252794728181,880.5998636631037,764.6666355287632,1,0,1.0
132,852.5664492141432,754.9903918060763,4.455185562029862,826.2216325401832,753.0949842705566,878.9112658881033,756.8857993415961,1,1,0.5
133,852.2180517298024,745.082164826232,5.382064959783984,828.1770861234259,742.8852262493508,876.2590173361789,747.2791034031134,1,1,0.5
134,851.2748139823038,736.8535556541741,6.4016461146189325,828.7166199323055,734.3204530174132,873.8330080323021,739.386658290935,1,1,0.5
135,849.8786533164816,729.5925416912593,6.921099540270206,828.6171921947447,726.9691031323546,871.1401144382185,732.215980250164,1,0,1.0
136,822.3714406916074,776.2020996276925,13.584569132587665,800.9327385412276,773.1995944494936,843.8101428419872,779.2046048058914,1,1,0.5
137,827.5222350026195,761.1776406142865,11.707763431831655,808.2994112152135,758.547575509539,846.7450587900254,763.8077057190338,1,0,1.0
138,858.1678172189554,698.2227854242424,2.3810171315365567,842.1708819143371,696.8624431471262,874.1647525235735,699.5831277013583,1,1,0.5
139,907.3900219025431,601.2511606205107,-12.41993421903929,895.1240713911291,601.8186416119744,919.6559724139574,600.6836796290471,1,1,0.5
140,968.1996967558362,483.869680919551,-30.739763601218485,959.6688176933627,486.8000267014032,976.7305758183095,480.9393351376988,1,0,1.0
141,1033.5367026218128,359.37854919132997,-50.64355252690456,1028.2478761640562,364.89986576033175,1038.8255290795694,353.8572326223282,1,0,1.0
142,1095.7633998729884,242.2873487906416,-69.26078928402136,1093.1696818217463,250.12076471648783,1098.3571179242306,234.4539328647954,1,1,0.5
143,1147.3158801969716,146.36578198826834,-84.01451404951955,1146.6947977287066,155.83190474942512,1147.936962665237,136.89965922711156,1,1,0.5
144,1181.2424785801927,86.4065906477419,-93.41487994215268,1181.720553520313,96.78451276991282,1180.7644036400727,76.02866852557096,1,1,0.5
145,1190.253770600472,76.73008037146587,-95.55260503079549,1190.8665965128278,87.13086618726297,1189.6409446881162,66.32929455566878,1,1,0.5
146,1167.0148809523841,131.6442669172936,-88.56252556265366,1166.7562605933135,141.03382990399905,1167.2735013114548,122.25470393058816,1,1,0.5
147,1169.6804115424839,135.125831820932,-89.16357595452257,1169.5223045435805,144.3876649150736,1169.8385185413872,125.86399872679044,1,1,0.5
148,1172.2871487707728,138.53856408262072,-89.72416988114404,1172.2231836397832,147.67508303779857,1172.3511139017621,129.4020451274429,1,1,0.5
149,1174.5819824443201,141.6052962750719,-90.01438828556779,1174.569856720006,150.62842212633433,1174.5941081686337,132.5821704238095,1,1,0.5
150,1176.4313586495086,144.1502929345856,-89.94961071643871,1176.415349723773,153.07808444405708,1176.4473675752447,135.2225014251141,1,1,0.5
151,1177.6967128910321,146.99013931752967,-91.28225720787874,1177.8111649803907,155.9914693412478,1177.5822608016733,137.98880929381153,1,0,1.0
152,1178.4449241952034,148.93142499999772,-92.0132949720948,1178.6155757029128,157.99391324855245,1178.2742726874942,139.86893675144293,1,1,0.5
153,1178.783005225055,149.11297660077446,-90.61502874801,1178.7776650485162,158.08086903991264,1178.788345401594,140.14508416163625,1,0,1.0
154,1178.7714131581652,145.96608522786167,-82.29623107368815,1177.9182128509115,154.19689529607274,1179.624613465419,137.7352751596506,1,0,1.0
155,1178.632092310017,140.62202844966984,-73.30169895268708,1176.7630857119714,148.15088097725535,1180.501098908063,133.0931759220843,1,0,1.0
156,1183.7017360135746,125.66921886012611,-64.94468741225222,1181.089411420952,132.55602011639346,1186.3140606061975,118.78241760385873,1,1,0.5
157,1188.2136454057536,112.92338021966097,-57.45362503935043,1184.884729681499,119.21506749904728,1191.5425611300082,106.63169294027466,1,1,0.5
158,1187.1724810583462,111.18810993750228,-50.82024931314638,1182.9266655715808,116.955167310619,1191.4182965451116,105.42105256438555,1,0,1.0
159,1177.118576681558,127.14970341702133,-45.325540653219804,1171.630072646318,132.4912726848978,1182.6070807167978,121.80813414914486,1,0,1.0
160,1155.954618734309,165.12579928527657,-41.56138379878848,1148.8764187421493,170.18417416315856,1163.032818726469,160.06742440739458,1,0,1.0
161,1122.8682082418136,227.0254276958169,-40.35384707330064,1113.9245259789843,232.00200564658016,1131.8118905046426,222.04884974505364,1,1,0.5
162,1078.5189565082828,310.02799554344415,-38.40830569810859,1067.1280665768738,314.82776066747374,1089.9098464396916,305.22823041941444,1,1,0.5
163,1020.3019303729852,418.1873546143745,-32.95281164256226,1005.5828204394286,422.3405560903403,1035.0210403065416,414.0341531384087,1,1,0.5
164,939.6983777965777,563.3925437367321,-19.729804899534145,919.6355090554462,566.2719355859849,959.761246537709,560.5131518874794,1,1,0.5
165,867.6733675724224,692.7938783788946,-10.35541751655752,842.9158902509674,694.9574061541521,892.4308448938774,690.6303506036372,1,1,0.5
166,882.9123780755931,676.3406668251498,-18.12173708545805,858.3785218552975,679.949851024448,907.4462342958886,672.7314826258515,1,1,0.5
167,893.8621095325364,658.4808704723805,-23.842391582713606,870.4740402004861,663.0539719014145,917.2501788645866,653.9077690433463,1,0,1.0
168,901.4161950413614,638.9170644752255,-26.21815859276515,879.9302121295256,643.5838952702184,922.902177953197,634.2502336802328,1,0,1.0
169,872.5567005134446,673.4563717703801,-16.78088304208605,852.347638742993,675.8194142013597,892.7657622838965,671.0933293394007,1,1,0.5
170,879.0567795730566,648.4943427367202,-15.610114832945314,861.8480095448638,650.1044636965714,896.2655496012496,646.884221776869,1,0,1.0
171,,,,,,,,0,0,0.0
172,,,,,,,,0,0,0.0
173,,,,,,,,0,0,0.0
174,,,,,,,,0,0,0.0
175,,,,,,,,0,0,0.0
176,,,,,,,,0,0,0.0
177,,,,,,,,0,0,0.0
178,,,,,,,,0,0,0.0
179,,,,,,,,0,0,0.0
180,,,,,,,,0,0,0.0
181,,,,,,,,0,0,0.0
182,965.405686800217,529.3006312153875,-26.551063294189778,954.8461895365209,532.0611116212727,975.9651840639133,526.5401508095024,1,0,1.0
183,990.848603368195,467.438050626257,-32.64738875387497,983.3109584238389,471.2014018080802,998.3862483125511,463.6746994444338,1,0,1.0
184,957.725718346882,478.6830959772855,-35.626094042957874,948.3502121923455,484.7837833396096,967.1012245014185,472.5824086149614,1,0,1.0
185,,,,,,,,0,0,0.0
186,,,,,,,,0,0,0.0
187,,,,,,,,0,0,0.0
188,,,,,,,,0,0,0.0
189,,,,,,,,0,0,0.0
190,,,,,,,,0,0,0.0
191,,,,,,,,0,0,0.0
192,,,,,,,,0,0,0.0
193,,,,,,,,0,0,0.0
194,,,,,,,,0,0,0.0
195,,,,,,,,0,0,0.0
196,,,,,,,,0,0,0.0
197,,,,,,,,0,0,0.0
198,,,,,,,,0,0,0.0
199,,,,,,,,0,0,0.0
200,,,,,,,,0,0,0.0
201,,,,,,,,0,0,0.0
202,,,,,,,,0,0,0.0
203,,,,,,,,0,0,0.0
204,,,,,,,,0,0,0.0
205,,,,,,,,0,0,0.0
206,,,,,,,,0,0,0.0
207,,,,,,,,0,0,0.0
208,,,,,,,,0,0,0.0
209,,,,,,,,0,0,0.0
210,,,,,,,,0,0,0.0
211,,,,,,,,0,0,0.0
212,,,,,,,,0,0,0.0
213,,,,,,,,0,0,0.0
214,,,,,,,,0,0,0.0
215,,,,,,,,0,0,0.0
216,,,,,,,,0,0,0.0
217,873.2667418128813,545.780228668649,-32.06668375568922,859.9154526439011,553.1221942348374,886.6180309818615,538.4382631024605,1,0,1.0
218,788.3262873709155,594.5704707057688,-31.89039031871616,771.8661694375144,603.3756165063319,804.7864053043165,585.7653249052057,1,0,1.0
219,,,,,,,,0,0,0.0
220,,,,,,,,0,0,0.0
221,,,,,,,,0,0,0.0
222,,,,,,,,0,0,0.0
223,,,,,,,,0,0,0.0
224,,,,,,,,0,0,0.0
225,,,,,,,,0,0,0.0
226,,,,,,,,0,0,0.0
227,,,,,,,,0,0,0.0
228,,,,,,,,0,0,0.0
229,,,,,,,,0,0,0.0
230,,,,,,,,0,0,0.0
231,,,,,,,,0,0,0.0
232,741.6072585843464,573.1726719433674,-40.494783219635295,724.5056768163272,584.1557881738798,758.7088403523654,562.1895557128549,1,0,1.0
233,643.5679114440636,633.6049478901379,-36.20371595066754,623.9910416343782,644.3255684626452,663.1447812537488,622.8843273176306,1,0,1.0
234,536.5796669171456,720.944975760001,-25.358259818903985,514.7594815813634,729.6450170523516,558.399852252928,712.2449344676504,1,0,1.0
235,427.3118823828112,835.6239020315674,-4.7814069441530656,403.09959498214545,839.6060593136472,451.52416978347685,831.6417447494875,1,0,1.0
236,407.62402134455897,843.8493064386064,-4.3859896109813645,385.00610435439125,847.1992840071746,430.2419383347267,840.4993288700382,1,0,1.0
237,459.9324450130181,783.7352575784917,-12.094836598416155,441.6173312097279,787.5756334407072,478.2475588163081,779.8948817162762,1,0,1.0
238,457.2860472886244,783.1926538207128,-12.901956402369878,439.3454951668915,787.0138822494769,475.22659941035727,779.3714253919488,1,0,1.0
239,456.4072183781776,787.5944331982403,-15.299911728252951,437.74734506115146,792.6658168111599,475.0670916952037,782.5230495853207,1,0,1.0
240,453.60878739012117,787.8679693971715,-14.557087506985328,435.5194453783009,792.6139866909941,471.6981294019415,783.1219521033487,1,0,1.0
241,450.7939736379734,788.1102360835138,-13.837853691057873,433.21108166516217,792.546406099732,468.37686561078476,783.6740660672954,1,0,1.0
242,448.27786321960195,788.8194691627896,-12.176282845070846,430.7892915948825,792.687988731577,465.76643484432145,784.9509495940023,1,0,1.0
243,445.74583655869225,789.4927867718727,-9.451831168089292,428.1417377844655,792.4764672265093,463.3499353329191,786.5091063172363,1,0,1.0
244,443.13218858602556,790.6018276599439,-6.456086552867205,425.54317530547735,792.5817890246462,460.7212018665738,788.6218662952417,1,0,1.0
245,440.3635666703466,791.8301796359578,-2.0743194259999798,422.75186717285123,792.399603252235,457.97526616784194,791.2607560196807,1,0,1.0
246,438.47518758697885,793.775847049817,-1.947196351911006,421.40823490870287,794.4447222795432,455.5421402652548,793.1069718200911,1,0,1.0
247,436.2300213716851,796.5775856623725,-0.2642160920001301,419.6213704593236,796.8195157540061,452.8386722840466,796.3356555707387,1,0,1.0
248,434.41031154116473,799.6335400787665,0.4547740273129802,418.4586433032016,799.6229834412227,450.36197977912786,799.6440967163103,1,0,1.0
249,433.26593491623277,803.2223027309531,-1.7906752375352923,418.37142036461637,803.6658253613314,448.16044946784905,802.7787801005749,1,0,1.0
250,433.1206225865071,807.2075605386335,-6.8618990980217305,419.5073896295942,808.7453255847483,446.7338555434201,805.6697954925187,1,0,1.0
251,391.0773102158229,868.5121849905677,-14.898909854925773,378.54962290885516,872.0443000554055,403.60499752279065,864.9800699257298,1,1,0.5
252,440.3082987605506,811.602537764339,-32.85228242271177,431.12255085770016,818.6017507857146,449.49404666340104,804.6033247429635,1,1,0.5
253,488.39268327698454,757.4816250528272,-47.66906414634575,481.1905168856863,767.7534705796763,495.5948496682828,747.2097795259781,1,1,0.5
254,495.67929556382273,756.5182840451316,-51.26461590661792,487.0395460790239,768.5472069321851,504.31904504862143,744.4893611580783,1,1,0.5
255,540.4004465996761,704.425871747725,-56.482076670771555,531.4985074990772,717.980810491902,549.3023857002751,690.8709330035479,1,0,1.0
256,,,,,,,,0,0,0.0
257,,,,,,,,0,0,0.0
258,,,,,,,,0,0,0.0
259,,,,,,,,0,0,0.0
260,,,,,,,,0,0,0.0
261,,,,,,,,0,0,0.0
262,,,,,,,,0,0,0.0
263,,,,,,,,0,0,0.0
264,,,,,,,,0,0,0.0
265,,,,,,,,0,0,0.0
266,,,,,,,,0,0,0.0
267,,,,,,,,0,0,0.0
268,609.7462802672406,617.6430004021357,-60.97837004583933,601.1279765832514,632.0899911909709,618.3645839512297,603.1960096133006,1,0,1.0
269,692.1998904335127,511.7865491373652,-65.57075692599307,684.4251348968976,526.7950482546329,699.974645970128,496.77805002009757,1,0,1.0
270,775.7992957729994,402.8112043641766,-70.1412765670738,769.3017502220393,418.1361541457809,782.2968413239594,387.4862545825723,1,0,1.0
271,848.6705826471629,306.75163848915656,-74.93523433239847,843.8072015787482,322.31057227958877,853.5339637155774,291.1927046987244,1,0,1.0
272,899.0279051044213,239.72250991471597,-80.56120169276005,896.1284792251429,255.67265702351162,901.9273309836998,223.77236280592032,1,1,0.5
273,915.1419254642003,217.93678144767938,-87.85835207435875,914.5192374686126,234.78888467515793,915.7646134597878,201.08467822020077,1,1,0.5
274,994.711602799417,113.1990172340173,-99.33622446895191,997.6375589355462,131.4848086068326,991.7856466632882,94.91322586120197,1,1,0.5
275,1004.1059488164165,101.27786898223161,-100.72222742047154,1007.4284746809551,119.90744316301925,1000.7834229518777,82.64829480144397,1,1,0.5
276,968.2416629081404,148.82434281563627,-93.97462333888546,969.4834513727773,166.69130364401906,966.9998744435034,130.95738198725343,1,1,0.5
277,968.3741136994731,148.9878128648395,-93.55531130484648,969.4803242613389,166.79042816474913,967.2679031376073,131.18519756492984,1,0,1.0
278,968.4514811293909,149.07380787920638,-93.4204399246957,969.5119488067394,166.8198591543124,967.3910134520422,131.3277566041004,1,0,1.0
279,968.487019077513,149.07702094335517,-93.52605231983355,969.5762167505875,166.75947170057663,967.3978214044383,131.3945701861337,1,0,1.0
280,968.4920760254755,149.00062314501355,-93.80665069292328,969.6629052783809,166.60382434055106,967.3212467725704,131.39742194947604,1,0,1.0
281,968.4760950569334,148.85626357501883,-94.17519632789086,969.7536770195068,166.36215906038666,967.1985130943601,131.350368089651,1,0,1.0
282,968.4466138575583,148.66406932731803,-94.52310958992496,969.8220800472411,166.0584012953762,967.0711476678752,131.2697373592599,1,0,1.0
283,968.4195846139063,148.43715226954282,-94.7277881654856,969.8443262277335,165.69540902004655,966.9948430000791,131.1788955190391,1,1,0.5
284,968.4501317901617,148.1757797800915,-94.98407355021575,969.9310554053285,165.18821555529837,966.9692081749946,131.16334400488466,1,1,0.5
285,968.5261074915986,147.93552062844475,-95.13087720763392,970.0327762482834,164.7325550528882,967.0194387349138,131.13848620400134,1,1,0.5
286,968.6546710955945,147.77781480491882,-95.1595220884533,970.1558117623931,164.40885933352476,967.1535304287956,131.1467702763129,1,1,0.5
287,1008.195611350787,91.42434429405733,-102.83547491273468,1011.0230121218447,109.27806806778985,1005.3682105797293,73.57062052032482,1,0,1.0
288,998.3312996790153,105.31195378509321,-100.61422588062666,1000.8635525348568,122.72280956271673,995.7990468231739,87.90109800746968,1,0,1.0
289,949.9867325808227,174.1683031630294,-82.25918190484592,949.0359550539099,188.9318965853291,950.9375101077355,159.40470974072974,1,0,1.0
290,835.9578152656486,338.72760751823336,-71.70891707488876,833.3200237808358,351.4457547449418,838.5956067504615,326.009460291525,1,0,1.0
291,754.2292959310299,456.1359594208817,-65.47907704340733,750.6496569172168,467.2365146957236,757.808934944843,445.03540414603975,1,0,1.0
292,704.9178989998966,526.4418171251959,-63.335149161563024,701.1153108160029,536.5408128783713,708.7204871837905,516.3428213720205,1,0,1.0
293,688.4052536197346,549.7420107548231,-64.41504256258699,684.864555326991,559.6113038853299,691.9459519124781,539.8727176243162,1,0,1.0
294,704.9669172969272,526.3217455313254,-68.80820731076246,702.2126146689236,536.8766801686736,707.7212199249309,515.7668108939772,1,0,1.0
295,754.2123052992856,455.99865054440613,-76.53620923216249,752.7748593070808,468.0300650175296,755.6497512914905,443.9672360712828,1,0,1.0
296,835.8633474312558,338.75492365534177,-88.22210660504152,836.4145080632736,352.8803102970747,835.312186799238,324.6295370136089,1,0,1.0
297,949.9515835585767,174.49594298366023,-104.44511414911332,953.2845038964354,191.3428656828114,946.618663220718,157.64902028450902,1,0,1.0
298,996.7146187664957,105.57553755429254,-103.7219588340692,999.7773020783435,122.27795530939161,993.6519354546479,88.87311979919346,1,0,1.0
299,1005.254415401583,91.72786541011476,-93.63034602530962,1006.1563889135773,106.82428738826141,1004.3524418895886,76.63144343196812,1,0,1.0
300,965.3493099058601,148.5343122059299,-93.3801740115349,966.2814895794706,163.0148541549367,964.4171302322493,134.05377025692306,1,0,1.0
301,964.2523954144785,148.5709680499201,-92.62130368886925,965.0361625995488,162.23315618731283,963.4686282294083,134.90877991252745,1,0,1.0
302,963.2597766755523,148.41116660798465,-107.43620022477451,965.3730365134593,162.3261594463635,961.1465168376453,134.49617376960578,1,0,1.0
303,962.6184228050254,148.1496292950543,-106.07102566495158,964.9483860756527,160.70160879758868,960.2884595343976,135.59764979251992,1,0,1.0
304,962.3869175685982,147.90426453231734,-92.66976610360274,964.0866022736759,157.99307181721338,960.6872328635202,137.81545724742128,1,0,1.0
305,962.0743182827894,147.65548246975348,-73.85268975204022,962.2482730503784,154.90757442092973,961.9003635152002,140.40339051857723,1,0,1.0
306,961.570467410794,147.27532895566176,-52.21489827227678,959.8153569001599,151.53902177768134,963.325577921428,143.01163613364218,1,0,1.0
307,960.8806682667179,146.84011005217718,-29.909359811358755,957.0066884077227,148.28041758242034,964.754648125713,145.39980252193394,1,0,1.0
308,959.91471739907,146.52047904000875,-7.981619222712647,953.6397453482213,145.51150605461913,966.1896894499188,147.52945202539834,1,0,1.0
309,959.0933619528714,146.44456129088948,9.439750851450768,950.7324459532144,143.87032908926614,967.4542779525285,149.01879349251288,1,0,1.0
310,955.287870455322,147.74900346325347,22.244174242394877,945.2539317474732,144.45581952427324,965.3218091631707,151.0421874022337,1,0,1.0
311,956.5224408174806,146.96126453940246,27.106403433050293,945.2182443745866,143.75692934111186,967.8266372603746,150.16559973769307,1,0,1.0
312,960.2393367318489,145.97562995222904,5.7456082041013286,950.5271681236222,145.11252143412406,969.9515053400755,146.83873847033402,1,1,0.5
313,964.3674129879394,145.3659033372363,-7.115000638199735,956.1179807005556,146.01570824367082,972.6168452753227,144.71609843080176,1,1,0.5
314,969.1837157147419,144.48735965687214,-24.01581973791837,963.0115077296603,147.50587833437464,975.3559236998234,141.4688409793697,1,0,1.0
315,,,,,,,,0,0,0.0
316,,,,,,,,0,0,0.0
317,,,,,,,,0,0,0.0
318,,,,,,,,0,0,0.0
319,,,,,,,,0,0,0.0
320,,,,,,,,0,0,0.0
321,,,,,,,,0,0,0.0
322,,,,,,,,0,0,0.0
323,,,,,,,,0,0,0.0
324,,,,,,,,0,0,0.0
325,,,,,,,,0,0,0.0
326,,,,,,,,0,0,0.0
327,974.3564381963463,144.00286486545983,-45.0815375646514,970.3902653527664,150.13132992470972,978.3226110399262,137.87439980620996,1,0,1.0
328,979.0413911542669,143.75543723748763,-65.90562847681132,977.3526101286313,153.00909719423072,980.7301721799022,134.5017772807445,1,0,1.0
329,982.4371607622716,143.9799156055327,-84.20468306011799,982.7947124884237,155.99068265107513,982.0796090361193,131.96914855999032,1,0,1.0
330,983.8921747014386,144.76077613153223,-97.8490440551985,985.7940347688518,158.80716756377245,981.9903146340256,130.71438469929203,1,0,1.0
331,982.5365943370024,146.3189278132511,-104.01878598609687,985.0875022644734,161.24622295709625,979.9856864095315,131.39163266940594,1,0,1.0
332,977.980886033455,148.52778025842082,-102.3447328083071,980.417133695727,163.15238637590215,975.5446383711829,133.90317414093954,1,1,0.5
333,977.8953335968247,148.61339075677617,-95.05376549204286,979.1839131420797,161.91492761138508,976.6067540515699,135.31185390216731,1,1,0.5
334,977.0903010027923,149.22921458965243,-93.03295318110685,977.7746427751432,161.32415701544778,976.4059592304413,137.1342721638571,1,1,0.5
335,975.4239483369504,149.64803377657756,-93.59688629002073,976.1608809245738,160.80861588998988,974.6870157493272,138.48745166316527,1,0,1.0
336,975.22271223168,149.5721654354836,-95.24439415689919,976.3444416635188,160.64623010496047,974.1009827998412,138.49810076600676,1,0,1.0
337,975.8626260942289,149.47094049470377,-97.1679361391781,977.4479751131726,160.7891377812494,974.2772770752849,138.1527432081581,1,0,1.0
338,976.1985314366248,148.7997941841023,-97.85733902171418,977.9874734774227,160.46072073738566,974.409589395827,137.13886763081894,1,0,1.0
339,976.244358296226,147.87680860938812,-97.47623778029987,978.0025868312634,159.89299443107052,974.4861297611884,135.86062278770572,1,0,1.0
340,975.9550225995167,147.01010271945097,-96.1093571632803,977.455341657714,159.29397524165313,974.4547035413195,134.72623019724887,1,0,1.0
341,975.2910710682577,146.52669501549417,-93.9706891471775,976.3356366365929,158.78761628756973,974.2465054999223,134.26577374341863,1,1,0.5
342,974.4824282034166,146.54287011308617,-93.16831107767453,975.3340643330394,158.66856274235906,973.6307920737936,134.41717748381333,1,0,1.0
343,973.8172855076123,146.739562735912,-90.40210211301594,973.9805706559757,158.5872643144221,973.6540003592487,134.8918611574019,1,1,0.5
344,972.9792661944703,147.06080119439792,-88.10152306293332,972.5005868462611,158.5711489031846,973.457945542679,135.55045348561126,1,1,0.5
345,972.4340791530269,147.42163215686054,-87.11918177632143,971.7583764833848,158.97011617711382,973.1097818226688,135.87314813660726,1,0,1.0
346,973.3913092824428,147.9344321240831,-85.18253807298126,972.3641495520576,159.4766933729937,974.4184690128277,136.39217087517247,1,0,1.0
347,974.3340768709697,148.19209755286644,-83.69564706696806,973.0474449870403,159.7252498576861,975.620708754899,136.65894524804673,1,0,1.0
348,974.77308646668,147.9295526253385,-82.58512755795141,973.2747703515008,159.31144750149133,976.271402581859,136.5476577491856,1,0,1.0
349,974.9704518409525,147.45449507747404,-82.88686584778372,973.5584764837417,158.8007504050019,976.3824271981632,136.1082397499462,1,0,1.0
350,974.725464185826,147.10964383328613,-84.50311980214545,973.6726102060153,158.47235448374352,975.7783181656366,135.74693318282874,1,0,1.0
351,974.2539555574767,147.04121044057337,-87.46402779693696,973.8353906579575,158.40103191973066,974.6725204569959,135.68138896141613,1,0,1.0
352,973.5484552029025,147.3409325063716,-91.40189633803614,973.9660564469361,158.86070956168305,973.1308539588686,135.82115545106012,1,0,1.0
353,973.0019879848462,147.67651297178392,-93.50221338244376,973.8149620785019,159.62145242804212,972.1890138911904,135.7315735155257,1,0,1.0
354,972.4217624178525,148.08931428769708,-95.94598651689408,973.6956419482738,160.52568510549477,971.147882887431,135.6529434698994,1,0,1.0
355,972.029529333353,148.54276544212178,-95.09783543987155,973.1218003653994,161.29784660676452,970.937258301307,135.787684277479,1,0,1.0
356,972.2902867660193,148.90409075958917,-93.3086344903493,973.0279641961969,161.65051092308852,971.5526093358421,136.15767059608976,1,0,1.0
357,972.3019444700999,149.12185366016382,-91.59326566535029,972.662787785051,161.95310494936348,971.9411011551489,136.29060237096417,1,0,1.0
358,972.3820928620232,149.15025440125672,-90.41625154873559,972.4698673796527,162.0263497310843,972.2943183443938,136.27415907142915,1,0,1.0
359,972.1616169988738,148.97982418324418,-90.18966582694362,972.2094699510528,162.0922467114973,972.1137640466948,135.86740165499108,1,0,1.0
360,971.7105846621234,148.83065614298755,-90.29178265915007,971.7920302559007,162.24211872643582,971.6291390683465,135.41919355953934,1,0,1.0
361,971.410960286859,148.6900236352166,-90.39407799770962,971.51474022251,162.39306597232627,971.307180351208,134.9869812981069,1,0,1.0
362,971.12192847445,148.50230117855028,-90.82325507608624,971.3250622242047,162.52903618726103,970.9187947246952,134.4755661698395,1,0,1.0
363,970.9837903910491,148.30484669208226,-91.05686376272972,971.2512859300668,162.55769279368573,970.7162948520315,134.0520005904788,1,0,1.0
364,970.8963875427662,148.15272633182914,-91.312349989844,971.2282682511849,162.5962183314027,970.5645068343475,133.70923433225556,1,0,1.0
365,970.9088818798643,148.09571723486516,-91.30934980157292,971.2393798120794,162.66556459174012,970.5783839476493,133.52586987799023,1,0,1.0
366,971.0647343280596,148.15507843646293,-90.98039408332072,971.3160962055067,162.7578636272983,970.8133724506124,133.55229324562757,1,0,1.0
367,970.9956014247005,148.19198582938714,-90.42277059961,971.1064937901954,162.96695668783195,970.8847090592058,133.41701497094223,1,0,1.0
368,970.9659544858598,148.10101845101,-90.19881636066222,971.0178406935736,162.97162742587216,970.9140682781463,133.23040947614786,1,0,1.0
369,970.7843140603883,148.10177830473708,-90.29769263180137,970.8598503817593,163.12298411737135,970.7087777390173,133.08057249210287,1,0,1.0
370,970.7002755324014,148.26523987446868,-90.24473903335459,970.7627216875608,163.43415675478514,970.637829377242,133.09632299415222,1,0,1.0
371,970.6462465199846,148.35375434393552,-90.27965699332435,970.7234246494448,163.63544515327146,970.5690683905243,133.07206353459952,1,0,1.0
372,970.4976823254418,148.3476391634481,-90.70703049325417,970.6913126357671,163.7651131127731,970.3040520151164,132.93016521412312,1,0,1.0
373,970.3410373388285,148.28149801572758,-91.342108348534,970.7050368062391,163.80611378219635,969.9770378714177,132.7568822492588,1,0,1.0
374,970.266864315967,148.23967560660992,-91.69645703076799,970.7270582408304,163.82627366516903,969.8066703911038,132.6530775480508,1,0,1.0
375,970.1977422373477,148.18219086360844,-91.87895588634134,970.7085514881419,163.76615198767163,969.6869329865533,132.59822973954525,1,0,1.0
376,970.2995147100264,148.17482000907765,-91.65335058321725,970.7494529634156,163.75976133599517,969.8495764566374,132.58987868216013,1,0,1.0
377,992.9759792444902,91.37982800983517,-97.49241892465668,994.6797305909233,107.854686037357,991.2722278980573,74.90496998231326,1,0,1.0
378,964.6490542471689,162.09490030686615,-89.70298699308805,964.652339894725,177.4789199984054,964.645768599613,146.71088061532694,1,0,1.0
379,942.5262418656348,217.169239714516,-83.81720278546602,941.2543439182512,231.72849034324082,943.7981398130189,202.60998908579117,1,0,1.0
380,926.6023310239708,256.52471313128996,-79.8675098541176,924.4902678105148,270.5259237802073,928.7143942374271,242.52350248237252,1,0,1.0
381,916.9503452167703,280.01974481454573,-77.85615014002586,914.4302657789982,293.6542003499995,919.4704246545425,266.3852892790919,1,0,1.0
382,913.7424716218602,287.78079159149473,-77.18673043190556,911.0868138666347,301.2566701764179,916.3981293770858,274.3049130065715,1,0,1.0
383,916.7592195375771,279.87538398294316,-78.41243783936278,914.3931765079615,293.4682742061733,919.1252625671931,266.282493759713,1,0,1.0
384,926.1601396166325,256.2503353383759,-81.6488579353293,924.5229424497685,270.1259154974654,927.7973367834965,242.37475517928647,1,0,1.0
385,942.0591410166774,217.0180596173125,-86.21228907159059,941.4185845171448,231.33772048711847,942.6996975162099,202.69839874750653,1,0,1.0
386,964.5702805221497,162.18940259841258,-91.91013458616882,965.1423708795843,177.0769739706546,963.998190164715,147.30183122617055,1,0,1.0
387,993.454266270141,91.58367913413619,-99.30101951769828,995.6085506410698,107.2056721359632,991.2999818992123,75.96168613230918,1,0,1.0
388,997.8897644325859,89.5574859684321,-91.69523372122943,998.1609090444769,103.23282105313265,997.6186198206949,75.88215088373157,1,0,1.0
389,992.3490763251405,104.50390124043756,-91.196382633925,992.4884385109247,118.11447978822548,992.2097141393565,90.89332269264958,1,0,1.0
390,960.167762791808,176.8554977075512,-91.14754370215857,960.3323160103096,191.14292363268842,960.0032095733067,162.568071782414,1,0,1.0
391,909.5939388195202,290.37609385502367,-93.53476628086908,910.9136804836335,305.98419447890984,908.2741971554069,274.76799323113755,1,0,1.0
392,847.0763533568239,428.2507972883932,-96.97484981030362,849.8853167731816,445.30163205962765,844.2673899404665,411.1999625171587,1,0,1.0
393,779.7460392231442,574.0712148900024,-101.42351423253274,784.289134220628,592.5719445667545,775.2029442256603,555.5704852132502,1,0,1.0
394,715.3633351131483,711.5370090999214,-106.37759273235343,721.730232378665,731.2737526309229,708.9964378476316,691.8002655689199,1,0,1.0
395,661.6424964165316,824.3615370842622,-111.14394392733344,669.7451593522734,844.930796254303,653.53983348079,803.7922779142215,1,0,1.0
396,626.2586528328696,896.1055426028613,-114.22656715110614,635.4620050355384,917.0861679469745,617.0553006302009,875.124917258748,1,0,1.0
397,616.9411174480194,910.4951061797055,-116.14664351935622,626.7241706239626,931.1155962730447,607.1580642720762,889.8746160863664,1,0,1.0
398,641.3624284750912,851.095125172509,-130.81816214117376,653.6267307413781,872.7698545715598,629.0981262088044,829.4203957734585,1,0,1.0
399,640.4156942049227,850.8348411330985,-128.28169304058034,652.4558956989474,871.1583620815213,628.375492710898,830.5113201846757,1,0,1.0
400,639.6961054240126,850.7910299224917,-113.02502318185788,648.8937757589046,867.6450780423113,630.4984350891206,833.9369818026719,1,0,1.0
401,639.9875886434414,850.776428480287,-88.95132980567232,645.5972220315729,862.5041438942126,634.3779552553099,839.0487130663612,1,0,1.0
402,640.4992228879444,850.8122009816393,-60.344168511356074,640.768488829256,856.7818588269706,640.2299569466327,844.842543136308,1,0,1.0
403,641.3954996842214,850.8899521192864,-29.379867659394183,635.7210517766798,850.8193387427245,647.0699475917629,850.9605654958482,1,0,1.0
404,642.5718581811493,851.2526472855966,0.1499342265039978,631.0170325073739,845.5295760832735,654.126683854925,856.9757184879196,1,0,1.0
405,643.8198231605727,851.7378308618626,25.012612904938983,626.9644899769853,841.1862904034988,660.6751563441603,862.2893713202261,1,0,1.0
406,644.8829610966219,851.8020698861471,39.18625834552663,624.3432561212329,839.396469591542,665.4226660720109,864.2076701807523,1,0,1.0
407,646.2725130389185,852.5950931157863,39.31444880147727,624.1062603998225,840.7296672261259,668.4387656780145,864.4605190054467,1,0,1.0
408,647.8515387948298,852.9066047877955,23.2670833558987,626.9740764841795,843.9911927670191,668.7290011054802,861.822016808572,1,0,1.0
409,649.2833905061365,854.8729081309116,20.244046260480612,627.5112499714725,846.9262353032002,671.0555310408005,862.8195809586232,1,0,1.0
410,649.5678634902583,857.6062439044754,20.05935612456234,626.7305137779907,850.4286482203297,672.4052132025258,864.783839588621,1,0,1.0
411,650.969191191938,862.5725706439548,11.742996332381262,629.4470121681711,857.7088925070184,672.4913702157048,867.4362487808911,1,0,1.0
412,653.5620278746401,867.8725836075341,1.830830410703035,634.2816020004384,865.8700856831119,672.8424537488418,869.8750815319563,1,0,1.0
413,656.9226005950986,876.818027884055,-5.055594074567836,639.2138485847048,876.8449235494537,674.6313526054926,876.7911322186561,1,0,1.0
414,660.5370860810265,884.9422668096554,-11.123326609524296,643.8018783976576,887.0477072357633,677.2722937643953,882.8368263835478,1,0,1.0
415,663.498902183228,893.6598735935581,-10.395719496106517,646.5438793762337,895.1768577816358,680.4539249902225,892.1428894054808,1,0,1.0
416,665.664336965506,898.5767149090266,-13.288849205858085,647.5574573254646,901.3179777856767,683.7712166055471,895.8354520323766,1,0,1.0
417,666.028707595674,900.774188706742,-9.969074204032596,646.9115221126639,902.6384572398946,685.1458930786841,898.9099201735894,1,0,1.0
418,665.5809485637599,903.2099276208571,-6.277913137468334,646.3579959405527,904.4829334919896,684.8039011869669,901.9369217497249,1,0,1.0
419,658.1632108452145,898.4005841274377,-0.22822572938179508,634.8880313861998,898.2011694687272,681.4383903042292,898.599998786148,1,0,1.0
420,654.6147595301579,898.9239375432328,4.326873901050668,628.402304271566,898.0686502448884,680.8272147887499,899.7792248415769,1,0,1.0
421,656.260399028918,904.4220097034386,-0.8578742691879482,629.8552636800143,904.8022195199326,682.6655343778216,904.0417998869447,1,0,1.0
422,662.9966797345205,917.8836530712288,-3.2334451235084147,636.996459959797,919.1334661819964,688.9968995092441,916.633839960461,1,0,1.0
423,671.3068888511393,934.7836809493656,-5.1034412455104015,645.2646675702779,936.8204837403828,697.3491101320006,932.7468781583485,1,0,1.0
424,678.024582117876,944.4088416440893,-7.790891434145566,652.5677168118524,947.4847961718685,703.4814474238997,941.3328871163101,1,0,1.0
425,676.8852151485187,941.4004508967752,-7.7155231358788265,652.4904236504789,943.9553916241251,701.2800066465586,938.8455101694253,1,0,1.0
426,670.0038836334104,922.6319303210746,-12.205540738513726,647.3328393956517,926.5504528165195,692.6749278711691,918.7134078256295,1,0,1.0
427,656.1495752739111,886.9998787815264,-14.399380989237997,637.8130141056008,891.2004241105257,674.4861364422211,882.799333452527,1,1,0.5
428,641.1278644395329,843.0002249414589,-18.93268199002018,626.9224993598676,848.3497309910301,655.3332295191983,837.6507188918878,1,1,0.5
429,630.0877192959074,793.296953780401,-18.576480487489295,614.9478064608554,797.9714678452871,645.2276321309593,788.6224397155154,1,0,1.0
430,634.1421404206964,757.1458878851355,-18.955422636210123,619.0152247869172,761.8349736345634,649.2690560544756,752.4568021357074,1,0,1.0
431,652.6080419494897,721.4606295829028,-16.25131837278522,634.9699580145541,725.3537622032909,670.246125884425,717.5674969625147,1,0,1.0
432,671.2867605403201,721.1935997570681,-11.61787203291637,650.883031886588,723.927764024309,691.6904891940521,718.4594354898271,1,1,0.5
433,683.6130703916734,747.171035817857,-4.616157399493339,661.0270609953751,748.2272732944964,706.1990797879718,746.1147983412176,1,0,1.0
434,689.2681191484953,786.4408993444738,0.7341670094508975,665.6968736581781,786.2266728674683,712.8393646388126,786.655125821479,1,0,1.0
435,689.2036884158885,822.0702036909995,-0.3672412705838647,666.374840408969,822.4220353132398,712.0325364228077,821.7183720687593,1,0,1.0
436,690.1801025696568,844.256800954598,-15.797345523084264,671.5023930867617,847.778502409348,708.8578120525517,840.7350994998484,1,0,1.0
437,679.4020523981553,870.3595355717953,-20.350902618874592,662.664350125482,875.0532795245502,696.1397546708286,865.6657916190404,1,0,1.0
438,669.4878078756055,885.7925537299304,-34.78088481991135,658.0380513287434,892.6569686203184,680.9375644224676,878.9281388395425,1,1,0.5
439,666.7070953969012,880.168676539223,-58.97181837083039,662.2511128089852,892.8520839413064,671.1630779848172,867.4852691371395,1,0,1.0
440,668.2182985472602,876.8804851318348,-72.43028071936651,668.0607009507468,892.8296403779549,668.3758961437736,860.9313298857148,1,0,1.0
441,674.6173128010025,871.5147605066613,-76.0554290048372,674.6168817936691,888.5792245198963,674.617743808336,854.4502964934263,1,0,1.0
442,671.2020850402446,900.6868946486194,-69.79143047504728,669.0575730408241,916.7330988373358,673.3465970396651,884.640690459903,1,0,1.0
443,667.1948672910926,928.9488221236066,-57.6251541375386,661.826224633588,942.9581511108315,672.5635099485974,914.9394931363819,1,0,1.0
444,666.3935096505113,948.0182743224225,-41.65623227887787,656.7642879422408,958.8929359604979,676.0227313587816,937.1436126843473,1,0,1.0
445,672.0223781935514,952.4963924972949,-21.806025374987257,655.9041359884862,959.3999522461585,688.1406203986164,945.592832748431,1,0,1.0
446,681.5893695094076,946.465253502407,-17.87267866658788,662.9748381327388,951.7399234950171,700.2039008860761,941.1905835097969,1,0,1.0
447,683.5758054662831,948.1937436379337,-7.540713509974211,659.8663179318248,951.4124751655552,707.2852930007414,944.9750121103125,1,0,1.0
448,687.7305039811658,933.9780321697624,-11.943002639432162,665.9255685670801,937.3640692680716,709.535439395252,930.5919950714533,1,0,1.0
449,689.1613984215562,915.0016521903271,-20.677402513117293,670.5434428552251,920.6525537865066,707.7793539878874,909.3507505941482,1,0,1.0
450,690.926947622509,910.0575446939981,-18.692007125805276,673.4301902179586,914.8447405859945,708.4237050270597,905.270348802002,1,0,1.0
451,694.8230736931298,908.9972657538751,-11.56005630780907,676.9775532107674,910.9845008915188,712.6685941754921,907.0100306162316,1,0,1.0
452,697.8333748533746,918.3461437064655,-7.422892903862656,679.0841684984171,919.1890631607487,716.5825812083322,917.5032242521825,1,0,1.0
453,703.9417802107109,914.1555125138673,-3.8704643052008185,683.4317918060698,914.4824918319134,724.4517686153522,913.8285331958211,1,0,1.0
454,710.3782535295694,908.0714497688953,0.01631434491419359,687.5263829959032,908.1926643745558,733.2301240632356,907.950235163235,1,0,1.0
455,716.9442288787664,901.9419516058874,2.7153648702472735,691.1264230614646,902.6762414353909,742.762034696068,901.207661776384,1,0,1.0
456,723.4842902141081,897.824798004611,-10.109163506870274,698.6150793776023,902.7957397897496,748.353501050614,892.8538562194724,1,0,1.0
457,727.7787107253409,897.7933242294753,-22.360948399864494,703.8180380147346,907.0333443174214,751.7393834359473,888.5533041415292,1,0,1.0
458,732.8554369319204,899.9520694765858,-30.172427518812057,711.1900304805861,912.2097193405298,754.5208433832549,887.6944196126422,1,0,1.0
459,736.3125393113737,906.2692433068938,-34.31491983353161,715.857040798306,920.4202313416697,756.7680378244414,892.1182552721181,1,0,1.0
460,742.6368501427646,906.1767309220074,-49.06366065780455,726.1840459596177,923.2567359091108,759.0896543259114,889.096725934904,1,0,1.0
461,750.8109704940005,903.8164265528263,-52.37944940262359,737.3968457811022,920.0022443698383,764.2250952068989,887.6306087358143,1,0,1.0
462,757.8562609920314,903.2450531616454,-53.308157338191734,746.6163597601899,918.559707584533,769.0961622238729,887.9303987387577,1,0,1.0
463,746.0996974871609,963.7924806178307,-38.93599525745528,734.2356944574351,975.4658394886362,757.9637005168868,952.1191217470251,1,0,1.0
464,754.622006693769,946.6235872594591,-32.921508035221294,743.4448097653523,955.7110211679692,765.7992036221856,937.536153350949,1,0,1.0
465,778.3453861399903,869.1344938733115,-31.14317691304565,768.149407644634,875.9608267133233,788.5413646353466,862.3081610332997,1,0,1.0
466,812.2532749073873,748.6778755229008,-33.173546865346104,803.3170927709161,753.7479000961741,821.1894570438585,743.6078509496274,1,0,1.0
467,851.3898361603406,603.2855990571811,-37.75672089972038,844.0179463183522,606.8445964222728,858.7617260023292,599.7266016920892,1,0,1.0
468,894.3953595950074,447.6601984421652,-46.52163716495897,888.2987489449708,451.5014197140821,900.4919702450441,443.81897717024844,1,0,1.0
469,934.6198279212655,301.18869777412027,-58.36901316177014,929.8495972659882,306.3784377851971,939.390058576543,295.99895776304356,1,0,1.0
470,967.797983733283,179.62473651401183,-80.44207715513309,966.4616586215463,188.08634213567586,969.1343088450193,171.16313089234774,1,0,1.0
471,989.6233181490031,101.56562182105083,-88.66691652163072,989.5524257630616,111.0163694481524,989.6942105349448,92.1148741939492,1,0,1.0
472,994.3312816194587,85.8661513488225,-90.73197195424275,994.2707820821048,95.75443498006487,994.3917811568122,75.97786771758008,1,0,1.0
473,976.349371091851,149.153358834147,-83.76184073679468,975.3451840814328,158.5620783124226,977.3535581022696,139.74463935587136,1,0,1.0
474,976.049301069354,148.96755595589653,-84.34398341480801,975.0889805687145,158.7023580363163,977.0096215699932,139.23275387547682,1,0,1.0
475,975.654470883838,148.9691397296949,-84.2304282912737,974.629617586429,159.06286195323176,976.679324181247,138.87541750615804,1,0,1.0
476,974.989643857552,148.88315593418622,-84.50837030850305,973.9662512344404,159.4705330966435,976.0130364806635,138.29577877172892,1,0,1.0
477,974.3479056735091,148.8802510600301,-84.19466845886525,973.2172653023049,159.91340727932578,975.4785460447134,137.84709484073443,1,0,1.0
478,973.7668142595871,148.8762664235011,-84.26945685815281,972.6099749162383,160.3347261958579,974.9236536029362,137.4178066511443,1,0,1.0
479,973.3548859217079,148.94026790574526,-84.53262190465699,972.2312293693958,160.69163954412454,974.4785424740201,137.18889626736592,1,0,1.0
480,973.0711097729788,148.9629066755136,-84.93400779733336,972.0094191670926,160.9275300020241,974.1328003788652,136.99828334900312,1,0,1.0
481,972.8334402757898,148.98201182697144,-85.22163879846876,971.8270413954699,161.12690356211203,973.8398391561099,136.83712009183085,1,0,1.0
482,972.5414629491169,148.91691519753675,-86.24260399018439,971.7337329918383,161.28280711946286,973.3491929063953,136.55102327561062,1,0,1.0
483,972.3359915958936,148.79994868992304,-87.30043573693298,971.7455976808088,161.3457792446482,972.9263855109784,136.25411813519787,1,0,1.0
484,972.185341061139,148.6454482670427,-87.4509355546468,971.6225009460454,161.39018142086252,972.7481811762327,135.90071511322284,1,0,1.0
485,971.9990653608768,148.6036501856051,-87.78960242374991,971.5022645558417,161.56256364116905,972.4958661659116,135.6447367300411,1,0,1.0
486,971.8171137692907,148.46747877941255,-87.95543597864594,971.3412783410417,161.6527696045263,972.2929491975399,135.28218795429876,1,0,1.0
487,971.7497902845714,148.45578286093226,-87.37846585999866,971.1340222286865,161.82348176287047,972.3655583404566,135.08808395899402,1,0,1.0
488,971.747034249899,148.44304584878398,-87.0805939944373,971.0509378956231,161.97006005707908,972.4431306041749,134.91603164048888,1,0,1.0
489,984.8469337430348,84.29491556361478,-87.70278976584456,984.4759719532371,97.09279938657454,985.2178955328325,71.497031740655,1,0,1.0
490,980.7105671702168,100.3812855387402,-86.5176884754496,979.867674223337,112.97267558916701,981.5534601170964,87.78989548831336,1,0,1.0
491,952.144462899799,242.74517394336166,-85.64298684173555,950.8501570627991,258.09948258961396,953.4387687367991,227.39086529710931,1,0,1.0
492,930.4379572044122,349.44951541676267,-85.60295878385028,928.9630162678393,366.9802333893071,931.9128981409849,331.91879744421834,1,0,1.0
493,915.8883358549629,420.53486027472906,-85.63371473145139,914.3046475148217,439.5737937185206,917.4720241951039,401.4959268309375,1,0,1.0
494,907.9709853950947,455.99823604408857,-85.99918935519436,906.4323410582956,476.0551527747414,909.5096297318939,435.94131931343577,1,0,1.0
495,907.6989526428233,456.0430066987374,-86.92684162989862,906.4059191290161,476.3306412606337,908.9919861566307,435.7553721368412,1,0,1.0
496,914.8935577374772,420.59471871534095,-88.20753808215498,914.0058111455808,440.4901721445728,915.7813043293736,400.699265286109,1,0,1.0
497,929.3676758784704,349.75516883656746,-89.63444020809632,928.9895553742087,368.64777125707053,929.7457963827326,330.86256641606445,1,0,1.0
498,950.5446154869853,243.05871747372055,-91.32639428689075,950.8074881870193,260.66352390935424,950.2817427869513,225.45391103808691,1,0,1.0
499,991.1643662215613,31.79334507889721,-100.45192616691884,994.7096727981414,48.01194484122965,987.6190596449812,15.574745316564766,1,0,1.0
500,991.0996205865818,33.4249462029254,-98.4071392962745,993.6499601406009,48.41285792587456,988.5492810325625,18.43703447997627,1,0,1.0
501,964.2362375254835,182.35501849560615,-86.67138385196557,963.7649923670928,195.64313776246678,964.7074826838743,169.06689922874546,1,0,1.0
502,944.1056108258472,314.255754144065,-73.7605743950422,938.3794381290202,326.1055926835798,949.8317835226742,302.4059156045503,1,0,1.0
503,919.7112752888552,474.23560182212196,-57.18785178020704,907.4444155757465,484.15242979802684,931.9781350019638,464.31877384621714,1,0,1.0
504,892.7120373873616,643.1155235645327,-36.6700754160195,873.9425196570512,649.2812481531582,911.4815551176721,636.9497989759072,1,0,1.0
505,868.7365577087335,801.4469296039399,-19.234357987941465,843.7305101945509,804.9853132066532,893.7426052229162,797.9085460012265,1,0,1.0
506,839.6855389493114,998.2855245212023,1.8659079620291263,806.6832857125376,998.6628719734996,872.6877921860853,997.9081770689052,1,0,1.0
507,830.6671494100167,1062.787969485783,8.537441065815326,794.9052084989423,1062.5629616597257,866.429090321091,1063.0129773118401,1,0,1.0
508,841.7094286908405,994.5987390311163,0.757473689992961,808.4290674167962,996.3431630350394,874.9897899648851,992.854315027193,1,0,1.0
509,874.0399139402114,794.0863466352471,-21.165126948371018,848.3974438427026,799.4020863730409,899.6823840377203,788.770606897453,1,0,1.0
510,897.577245078697,635.403389654005,-38.24844740318912,878.1435640986643,643.6478605798168,917.0109260587299,627.1589187281933,1,0,1.0
511,921.8599827297232,468.2768995681557,-55.00954171567159,909.3516297893461,478.6518621204916,934.3683356701004,457.90193701581984,1,0,1.0
512,946.2361322970103,310.5865484800447,-74.34333735263192,939.6829816599707,325.82089714819,952.7892829340499,295.35219981189937,1,0,1.0
513,965.3238937358803,181.5555034926009,-88.45305101588303,963.9380592283079,199.523173268841,966.7097282434524,163.58783371636088,1,0,1.0
514,976.3040948300886,99.12531632098171,-95.4932173742285,978.567253215434,117.6877802520545,974.0409364447431,80.56285238990893,1,0,1.0
515,978.6880507049285,81.93816584296643,-97.75701590925934,981.609972194222,101.09774258599263,975.766129215635,62.778589099940206,1,0,1.0
516,969.2580130822846,149.36879411065905,-90.27420229588161,969.324880754242,166.4792974799597,969.1911454103272,132.25829074135842,1,0,1.0
517,970.484275236252,149.11344927239665,-89.6802327030866,970.3994168453357,164.80897819870825,970.5691336271682,133.41792034608505,1,0,1.0
518,971.2918040308928,148.70830774575023,-89.12307154062498,971.0627273012676,163.50342286143572,971.5208807605179,133.91319263006477,1,0,1.0
519,971.8805301650233,148.6328873199763,-88.9849230853543,971.6331772187829,162.95250657420218,972.1278831112638,134.3132680657504,1,0,1.0
520,972.1923664792517,149.73487039144993,-89.6445933375858,972.1692269902981,164.01512806070247,972.2155059682054,135.4546127221974,1,0,1.0
521,972.3640843567914,150.85665793835523,-90.99583891826127,972.7564506501417,165.4556101675971,971.9717180634411,136.2577057091134,1,0,1.0
522,971.7136635186579,152.01607983542084,-92.25507789334542,972.4430644890741,167.17452886432955,970.9842625482416,136.85763080651213,1,0,1.0
523,970.7217057337137,153.07869205910504,-93.26131127667054,971.7124272749852,168.83222551931235,969.7309841924423,137.32515859889773,1,0,1.0
524,969.5172971295708,153.3801790747198,-94.14907690887442,970.7210482652915,169.78359933224158,968.3135459938501,136.97675881719803,1,0,1.0
525,968.7168776971959,153.20225356731424,-94.28311152423615,969.9359756800495,169.9682028254415,967.497779714342,136.436304309187,1,0,1.0
526,968.5998914981042,152.68406437549217,-94.2787071053596,969.8061644065901,169.2033326748827,967.3936185896181,136.16479607610168,1,0,1.0
527,968.8884588818906,151.50348808682742,-93.96997782065664,970.0052618094584,167.51196058129347,967.771655954323,135.49501559236137,1,0,1.0
528,968.7125382684269,149.92561145034608,-93.7195246452699,969.7673255709126,166.119176569695,967.6577509659412,133.73204633099715,1,0,1.0
529,968.4173870827465,148.480456118357,-93.34477137752174,969.389264489419,165.1703795692877,967.4455096760738,131.79053266742633,1,0,1.0
530,968.1777734243036,147.97500600513303,-93.83934416924245,969.352874156386,165.3504377818921,967.0026726922213,130.59957422837388,1,0,1.0
531,968.1131220772509,147.45996570983385,-94.52964446770338,969.5213599743824,165.3058226189896,966.704884180119,129.61410880067805,1,0,1.0
532,967.7820573621688,147.62244433117814,-93.94437182781357,968.9992848617059,165.61176271830175,966.5648298626315,129.63312594405457,1,0,1.0
533,967.5097006149024,149.16719603832544,-95.68010158990546,969.3125365927776,167.2925433866594,965.7068646370269,131.04184868999147,1,0,1.0
534,967.5455378781894,151.0283439017842,-97.1843446735688,969.8091080184722,169.07627955001337,965.2819677379068,132.98040825355508,1,0,1.0
535,967.5697747794129,153.56899893536502,-100.89617453548573,970.99700893484,171.36807274101022,964.1425406239857,135.76992512971984,1,0,1.0
536,967.7731261124559,156.39991715796424,-105.71023343861492,972.6810769098702,173.77292125560334,962.8651753150414,139.0269130603251,1,0,1.0
537,968.2112209036552,159.8941422584836,-111.15718899483494,974.7755696503073,176.83184030343193,961.6468721570031,142.95644421353524,1,0,1.0
538,968.3620251004063,161.4542829941476,-113.95882977081443,975.7571228498296,178.02338849209175,960.966927350983,144.88517749620343,1,0,1.0
539,968.1649320410575,161.0826051932728,-114.06058842181784,975.5517349496761,177.43289819613813,960.7781291324391,144.73231219040744,1,0,1.0
540,985.1527115467729,107.00465446615334,-119.25968199449206,993.0174068418685,124.18197374221963,977.2880162516776,89.82733519008707,1,0,1.0
541,963.2463209708039,169.92793834897032,-106.54971339382385,968.4929005719654,185.61432181532234,957.9997413696426,154.2415548826183,1,0,1.0
542,963.6208419862616,165.2869567186656,-97.80254479704467,966.8231107802844,180.15436775169098,960.4185731922389,150.41954568564026,1,0,1.0
543,946.4511595537467,211.92026107266727,-84.12915821689582,946.7300152140126,225.54046461956878,946.1723038934808,198.3000575257658,1,0,1.0
544,918.2718318344075,296.4500098624082,-79.77420916811153,917.3640848241439,309.0687293179904,919.1795788446713,283.83129040682593,1,0,1.0
545,882.1960888171868,403.9194897405742,-77.70488694937683,880.8654795491939,415.5051441522578,883.5266980851795,392.3338353288906,1,0,1.0
546,843.1173044277868,520.2586361480138,-72.78537350779143,840.7513923044432,530.6535911451404,845.4832165511305,509.8636811508874,1,0,1.0
547,805.7583401905263,630.9478689135981,-70.08304700918487,802.7119262496226,640.8433215267536,808.80475413143,621.0524163004425,1,0,1.0
548,774.948613050313,718.7048509640297,-68.33582551945935,771.0879015538885,728.7300311571139,778.8093245467376,708.6796707709457,1,0,1.0
549,755.5640522409103,770.0482549484129,-70.13449369950516,751.4579174546384,781.1422185596051,759.6701870271821,758.9542913372206,1,0,1.0
550,752.7538381826778,770.2733914317612,-74.84607642673805,748.8563009011268,783.0304811282023,756.6513754642287,757.5163017353202,1,0,1.0
551,728.3489838804721,836.8576339665872,-67.97964505301204,723.1318462170118,849.7091610618986,733.5661215439324,824.0061068712758,1,0,1.0
552,743.109519493656,784.6723158006536,-71.62072077291717,738.4108650449889,798.8904954634318,747.8081739423228,770.4541361378756,1,0,1.0
553,740.2010310332785,784.8318833957127,-64.42784178183953,733.9607027296872,798.8336686949581,746.4413593368698,770.8300980964673,1,0,1.0
554,738.4173474876113,785.263968508726,-69.81076675247743,733.3473570007179,799.4158470568101,743.4873379745047,771.1120899606418,1,0,1.0
555,736.0617124656668,785.2322660427601,-74.45700262374828,731.9566754762818,800.1231897585465,740.1667494550517,770.3413423269737,1,0,1.0
556,733.6561914900722,785.7955512537794,-70.5059174191285,728.7811794083996,800.0387080028528,738.5312035717448,771.5523945047061,1,0,1.0
557,731.2008781983114,786.6372692027521,-63.85663768261483,724.9893815536332,799.6740850559175,737.4123748429897,773.6004533495866,1,0,1.0
558,728.6040657649785,787.64756801255,-53.545046986886476,720.3850830985601,798.7784756824635,736.8230484313968,776.5166603426363,1,0,1.0
559,725.1422447769714,788.4933221802302,-44.495980581909095,715.0560668801836,798.3576285829993,735.2284226737594,778.6290157774611,1,0,1.0
560,724.0733960344319,790.8564894221197,-22.55102221461361,710.3646124118277,796.1619011284997,737.7821796570361,785.5510777157397,1,0,1.0
561,722.9986421688182,792.3553535176759,-11.168544092737902,707.5812332922864,794.9927962101799,738.4160510453501,789.7179108251717,1,0,1.0
562,720.8942616242008,793.185635668319,-8.568177240811004,705.427944805632,794.448059447308,736.3605784427697,791.9232118893301,1,0,1.0
563,720.2410126013474,793.4389058388152,-11.797437815568522,705.8241916814983,794.77919263189,734.6578335211966,792.0986190457403,1,0,1.0
564,719.8558344857604,791.7800366738668,-31.881779146000277,709.7958700324825,796.4801764268668,729.9157989390385,787.079896920867,1,0,1.0
565,719.5269512823429,791.1507755435773,-50.03377501108856,713.0808213951193,798.9485375814902,725.9730811695664,783.3530135056642,1,0,1.0
566,696.557189944006,845.6780909156137,-52.902411994614816,689.2188494539384,855.1159531590697,703.8955304340736,836.2402286721574,1,0,1.0
567,700.9453982647286,832.7468825317109,-57.32264675839289,693.2073225303468,843.6161101745402,708.6834739991104,821.8776548888815,1,0,1.0
568,726.4517654785359,767.1936500865295,-61.4641629528046,718.5584610164335,778.8927683234328,734.345069940638,755.4945318496261,1,0,1.0
569,767.0565743772935,664.0771579047492,-63.47818803198732,758.9640280766847,675.9451905671008,775.1491206779023,652.2091252423978,1,0,1.0
570,818.9460137022533,539.446640296547,-56.45089863872966,809.8008820706109,548.2384339121538,828.0911453338958,530.6548466809401,1,0,1.0
571,872.5033425554773,406.1254996736485,-60.927917559797905,864.4868413375777,414.1866474151841,880.5198437733771,398.0643519321129,1,0,1.0
572,923.2198233715687,279.8250216051259,-71.35483158732646,917.8112602923196,287.7690037482834,928.6283864508176,271.88103946196844,1,0,1.0
573,966.7324892781878,175.48399205220883,-85.6161693286675,964.9300132224045,184.28976291869708,968.5349653339711,166.6782211857205,1,0,1.0
574,994.8112964179742,108.01984058989066,-100.26774242118964,996.8395546450579,117.9505565636202,992.7830381908904,98.08912461616114,1,0,1.0
575,1001.3677917126583,94.36872063715671,-102.69828059731458,1004.2200992415505,103.4443310568258,998.5154841837659,85.29311021748762,1,0,1.0
576,989.8668410073649,117.81585716226795,-97.41103680456237,990.8071502486484,126.00482219354237,988.9265317660813,109.62689213099351,1,0,1.0
577,997.873967340411,94.62287342504092,-97.94325528013289,998.7418632679155,102.39255498133733,997.0060714129065,86.85319186874449,1,0,1.0
578,990.0118436265013,148.01916789783678,-105.84355106125128,992.7300198127359,155.60771581427187,987.293667440267,140.43061998140172,1,0,1.0
579,957.5048644189594,244.1750398479806,-108.65143191914649,960.9356825254595,252.22091594124822,954.0740463124589,236.12916375471292,1,0,1.0
580,907.415434026087,367.6168915080373,-107.3590240630474,910.5996059506471,376.3695510384106,904.2312621015269,358.86423197766413,1,0,1.0
581,847.1373157662213,503.0583885893546,-101.79248191211877,849.1343378868885,513.0816305882447,845.1402936455539,493.03514659046454,1,1,0.5
582,781.4820862827296,637.690681536029,-96.58813657494879,782.0196316744821,649.6727662549356,780.9445408909771,625.7085968171226,1,0,1.0
583,723.5704526002884,750.2635156856261,-87.4037564820105,722.1017122521196,763.4610550113563,725.039192948457,737.0659763598958,1,0,1.0
584,679.9604490488431,827.595731019305,-79.99151338478035,676.8279816486395,842.2143675685159,683.0929164490466,812.9770944700944,1,0,1.0
585,657.9097695294072,851.3325074088893,-62.37468538497414,651.4285220921793,864.2863371131905,664.3910169666351,838.3786777045882,1,0,1.0
586,662.7570879159224,811.2790041633446,-51.16827177825118,654.3101865776114,823.207693169697,671.2039892542332,799.350315156992,1,0,1.0
587,675.8480505376195,769.2517392949383,-36.499799996777426,664.3352749245485,778.3884890192394,687.3608261506906,760.1149895706371,1,0,1.0
588,685.913680837011,768.0754461182928,-34.48511386279297,674.2053291590232,775.3657025760176,697.6220325149988,760.7851896605681,1,0,1.0
589,688.1750405541643,760.5329603871621,-32.06058717795551,675.9112477855008,767.0187850397817,700.4388333228279,754.0471357345424,1,0,1.0
590,687.1670493720078,754.9910973214321,-33.56137433690917,674.8971862807354,761.9965408697051,699.4369124632801,747.9856537731591,1,0,1.0
591,683.0857971093094,752.683189846902,-40.68284080684403,671.7823212110061,761.8214294610639,694.3892730076126,743.5449502327403,1,0,1.0
592,675.1113771689015,754.4745531156229,-52.706967331237394,665.6487408250002,767.1813562751468,684.5740135128028,741.7677499560991,1,0,1.0
593,669.8423640998963,753.8923885937013,-64.73030796466416,662.624021041685,769.973064602055,677.0607071581076,737.8117125853475,1,0,1.0
594,665.2411752237201,755.0125265797608,-77.70355770835289,660.6243111941943,774.7030849061583,669.858039253246,735.3219682533631,1,0,1.0
595,662.5354341248621,754.2804601211541,-82.53875782603004,659.5935546528061,775.3342895264077,665.4773135969181,733.2266307159007,1,0,1.0
596,659.8482895822874,756.175581850016,-92.66171838686408,659.6896217198741,779.4177878801528,660.0069574447009,732.9333758198791,1,0,1.0
597,656.9349437993444,757.6356327310493,-90.94840315579764,656.8861427155739,780.3141119360253,656.983744883115,734.9571535260734,1,0,1.0
598,653.441334022507,760.3313153834708,-91.88483126588238,654.400031824864,782.4644709160416,652.48263622015,738.1981598509001,1,0,1.0
599,648.9975743382455,763.6293908413198,-89.06497655298905,650.2634565031057,784.0830419838526,647.7316921733853,743.1757396987871,1,0,1.0
600,642.0661888144122,768.0633338089239,-76.40896851803288,641.8663392172803,785.8348216234167,642.2660384115442,750.2918459944311,1,1,0.5
601,633.8856186595742,773.5355268024716,-61.62075140148042,631.6926739224762,788.0027086009616,636.0785633966724,759.0683450039817,1,1,0.5
602,625.1038662157079,778.78555796091,-67.1540529461889,623.0144524265074,790.8773445488187,627.1932800049082,766.6937713730014,1,1,0.5
603,616.3398332771476,784.3536506531115,-54.566661027546296,612.5267913227517,792.4728416632831,620.1528752315434,776.2344596429398,1,1,0.5
604,607.9095874095359,791.2852398025909,-48.076113516060474,603.0217647615854,796.7652768823615,612.7974100574863,785.8052027228205,1,0,1.0
605,600.2827910321168,799.7057954081691,-63.63373346082449,597.8277873221994,804.6814049733541,602.7377947420343,794.7301858429843,1,1,0.5
606,594.4393169379391,807.0799746864818,-71.44083915238062,593.1777210873672,811.4869490506928,595.7009127885109,802.6730003222706,1,0,1.0
607,591.6342668754738,810.9879931888195,-72.79854766645808,590.515074099767,814.9556489150654,592.7534596511805,807.0203374625737,1,0,1.0
608,592.5577904290483,809.738367356319,-68.37698777881455,590.6225309117401,813.4555852219416,594.4930499463565,806.0211494906966,1,0,1.0
609,597.3487683527478,802.0881074832412,-59.206961562910195,593.7115665681911,805.8851217699581,600.9859701373044,798.291093196524,1,0,1.0
610,605.6179916276893,788.1363590148947,-43.59359996633535,599.3236737674822,791.8104353855715,611.9123094878962,784.4622826442178,1,0,1.0
611,621.1794636809283,748.0205342359409,-35.89627684182883,615.0698851209611,752.1916196549471,627.2890422408955,743.8494488169345,1,1,0.5
612,631.6179689096894,737.864547379995,-30.231906924336414,621.1070806574244,741.0669748038081,642.1288571619543,734.6621199561819,1,1,0.5
613,646.2145107840823,728.8208015118641,-16.858344444987193,632.2342744874866,732.2775323507155,660.1947470806782,725.364070673013,1,0,1.0
614,660.3515395525421,727.0444670866354,-26.119948097849687,646.7381417154037,733.5922664367083,673.9649373896805,720.4966677365628,1,0,1.0
615,671.0506670349896,736.9395045873757,-48.91922245160633,660.9322400623427,747.1696904041014,681.1690940076364,726.7093187706502,1,0,1.0
616,672.8321041313372,767.3106637868188,-45.111939238881995,663.6275648355164,777.5597787812858,682.0366434271582,757.061548792352,1,0,1.0
617,670.8269722693748,804.610770590117,-35.003870690221916,662.3404054309074,813.4547854972411,679.3135391078423,795.7667556829929,1,0,1.0
618,673.0621957316256,830.1950950897128,-31.048744276824166,665.9973305362173,838.2653318184916,680.1270609270339,822.124858360934,1,1,0.5
619,679.5567137030755,840.1509994211375,-37.164483982929674,675.3372610629169,848.2033741459129,683.7761663432342,832.0986246963621,1,1,0.5
620,688.5872125164202,832.8050112461536,-38.33255016781077,685.9762666796498,840.2338084713301,691.1981583531904,825.3762140209774,1,0,1.0
621,679.19448333533,853.6484403585509,-40.945111561751176,678.0822002345697,860.6533166525267,680.3067664360904,846.6435640645757,1,1,0.5
622,689.3065900070021,835.9752979930201,-41.38535643009857,684.5032317291905,841.7157716673494,694.1099482848139,830.2348243186909,1,0,1.0
623,725.3210878505747,750.459599464848,-60.30006081432579,721.7977414519048,758.608791142949,728.8444342492446,742.3104077867471,1,0,1.0
624,773.2312021448511,631.9538201912121,-80.66411477422514,771.5447322182363,642.5892858500198,774.917672071466,621.3183545324043,1,0,1.0
625,824.586697997661,501.69938505862416,-95.06889197617774,824.5007090603857,513.8189792413891,824.6726869349362,489.5797908758591,1,0,1.0
626,,,,,,,,0,0,0.0
627,,,,,,,,0,0,0.0
628,,,,,,,,0,0,0.0
629,,,,,,,,0,0,0.0
630,,,,,,,,0,0,0.0
631,,,,,,,,0,0,0.0
632,,,,,,,,0,0,0.0
633,,,,,,,,0,0,0.0
634,,,,,,,,0,0,0.0
635,,,,,,,,0,0,0.0
636,,,,,,,,0,0,0.0
637,,,,,,,,0,0,0.0
638,,,,,,,,0,0,0.0
639,,,,,,,,0,0,0.0
640,,,,,,,,0,0,0.0
641,,,,,,,,0,0,0.0
642,,,,,,,,0,0,0.0
643,,,,,,,,0,0,0.0
644,,,,,,,,0,0,0.0
645,,,,,,,,0,0,0.0
646,,,,,,,,0,0,0.0
647,,,,,,,,0,0,0.0
648,,,,,,,,0,0,0.0
649,,,,,,,,0,0,0.0
650,,,,,,,,0,0,0.0
651,,,,,,,,0,0,0.0
652,,,,,,,,0,0,0.0
653,,,,,,,,0,0,0.0
654,,,,,,,,0,0,0.0
655,,,,,,,,0,0,0.0
656,,,,,,,,0,0,0.0
657,,,,,,,,0,0,0.0
658,,,,,,,,0,0,0.0
659,,,,,,,,0,0,0.0
660,870.3732805909397,381.68288233248745,-96.21520738036561,870.899368991016,392.8121180013008,869.8471921908636,370.55364666367416,1,0,1.0
661,913.2952564724011,269.7927493296004,-97.52163918600039,914.593342765214,279.8705926044224,911.9971701795882,259.7149060547783,1,0,1.0
662,952.3353670747488,172.20765982821325,-103.71773446591203,954.7910662613143,182.30248308786162,949.8796678881831,162.1128365685649,1,0,1.0
663,995.8917032318354,44.07579823305615,-120.74674804862272,1003.2645000482792,54.43208572511471,988.5189064153919,33.71951074099753,1,0,1.0
664,978.6283741342556,112.86310372987325,-108.68277982647155,981.4138171310012,122.23280738254346,975.8429311375099,103.49340007720305,1,0,1.0
665,940.2960224983462,226.45182843688195,-100.28675856061862,939.7130634709299,235.44488749392377,940.8789815257626,217.45876937984013,1,0,1.0
666,927.7194674306277,271.71929155213843,-94.66271362327848,924.821282634234,280.4003078464131,930.6176522270212,263.0382752578637,1,0,1.0
667,920.3512894546145,298.82298370164716,-90.0846360925152,915.8739204447045,307.43008195205346,924.8286584645243,290.2158854512408,1,0,1.0
668,917.8742067829295,307.8736473614341,-89.09835450409486,912.9580058126421,316.4144982865194,922.7904077532166,299.3327964363489,1,0,1.0
669,920.3775329236788,298.89832407644866,-91.19974460171065,916.0953927680134,307.4708843060714,924.6596730793444,290.3257638468258,1,0,1.0
670,927.7729397367923,271.6392484590103,-95.93231299216521,925.0680849286501,280.2238720928852,930.4777945449343,263.0546248251353,1,0,1.0
671,940.0969816320742,226.38525080732524,-102.78321379814764,939.87374947376,235.10258925478237,940.3202137903884,217.6679123598681,1,0,1.0
672,957.2643384947633,163.10603143805486,-112.36081405594362,960.5214624248079,172.0133267779856,954.0072145647187,154.19873609812416,1,0,1.0
673,979.3062917003317,81.76276134166832,-124.6879946719784,987.0464823559498,90.95014449633939,971.5661010447135,72.57537818699724,1,0,1.0
674,961.2332088515041,147.23798614430493,-116.25025655386702,965.6177036209697,156.1089236927715,956.8487140820384,138.36704859583836,1,0,1.0
675,961.3335311613869,147.21131647179908,-115.39450985714956,965.6214614344552,156.30361470642617,957.0456008883184,138.11901823717199,1,0,1.0
676,961.3992601007552,147.54641454684838,-111.64777750724207,965.1045148697065,156.9541929846796,957.6940053318042,138.1386361090171,1,0,1.0
677,961.6582616478074,147.9982132125682,-105.4205551751503,964.335847512914,157.7917584137578,958.9806757827006,138.20466801137857,1,0,1.0
678,961.8400957174492,148.59276132435434,-100.00076092987788,963.6071110891755,158.7176446156762,960.0730803457232,138.46787803303252,1,0,1.0
679,961.9473616375747,149.2061548681226,-94.992364567288,962.8565060979845,159.57307361827426,961.0382171771647,138.83923611797104,1,0,1.0
680,961.8302780623114,149.97504601515763,-89.05514485536736,961.6267156478463,160.3785571872846,962.0338404767767,139.57153484303063,1,0,1.0
681,962.0495766154584,150.40166783151608,-86.83366027030104,961.4935255182509,161.09864808653472,962.6056277126656,139.7046875764974,1,0,1.0
682,962.248757598662,150.7786579522018,-86.45001507851418,961.6299802790834,161.70856008678686,962.8675349182406,139.8487558176168,1,0,1.0
683,962.3355301759908,151.24295601158758,-85.15805830482176,961.4556675178758,162.3707499259639,963.2153928341061,140.11516209721123,1,0,1.0
684,962.7937476043651,150.91611079880687,-87.17151629624425,962.3290917002819,162.37358520898505,963.258403508448,139.45863638862875,1,0,1.0
685,963.4466073791276,150.35147279455674,-90.0251752851504,963.5424322259196,162.25644664092255,963.3507825323356,138.44649894819094,1,0,1.0
686,963.8577898736133,150.23047081456505,-91.49187637966362,964.2510310414646,162.50099208565837,963.4645487057621,137.95994954347174,1,0,1.0
687,964.3118234115368,150.38144650637582,-90.73280403976642,964.5100462013393,163.0155513289148,964.1136006217346,137.74734168383682,1,0,1.0
688,964.6207223657746,150.35958531062929,-91.17983744701198,964.8867177576967,163.22370647464507,964.3547269738525,137.49546414661347,1,0,1.0
689,965.2185960202089,150.31454584649205,-91.34694002900432,965.5528163579509,163.5917408264689,964.8843756824667,137.03735086651517,1,0,1.0
690,965.3654386337685,150.09349404356982,-91.18770132530923,965.6899135597218,163.5484836512039,965.0409637078151,136.63850443593577,1,0,1.0
691,965.9064662752081,149.400409622832,-92.8285957200647,966.6462485051682,163.3711241944501,965.1666840452483,135.42969505121388,1,0,1.0
692,965.5656203031429,148.65975198737573,-94.10394520630851,966.5412115597912,162.3424019697233,964.5900290464947,134.97710200502814,1,0,1.0
693,965.2110751713534,148.11335862569499,-95.0392415645664,966.3833195165037,161.54161223618397,964.0388308262031,134.68510501520598,1,0,1.0
694,965.4244357367195,147.2299811138784,-97.57603341115097,967.2004143467901,160.68237942866995,963.648457126649,133.77758279908687,1,0,1.0
695,965.6836781794153,146.84624453619273,-98.50280182975462,967.6992274689138,160.5268321842888,963.6681288899169,133.1656568880967,1,0,1.0
696,966.063701401026,146.9311047331686,-98.47093774754597,968.0992516583137,160.9868230804032,964.0281511437386,132.875386385934,1,0,1.0
697,966.4490422767956,147.3316354024795,-97.37800684173064,968.2721463592313,161.86524766122184,964.6259381943601,132.7980231437372,1,0,1.0
698,967.0402168268272,147.62999557635686,-97.12492630316066,968.8603718566269,162.74210264612344,965.2200617970275,132.51788850659028,1,0,1.0
699,968.0082693889265,148.0083371621813,-96.64817523646413,969.8173765694232,164.03855960481027,966.1991622084297,131.9781147195523,1,0,1.0
700,968.5233965332679,148.2110155608107,-96.01385920678047,970.2637957192239,164.91913928184306,966.7829973473117,131.50289183977833,1,0,1.0
701,968.967429546005,148.3248689775124,-95.21493133455053,970.5969521289153,165.619923311295,967.3379069630946,131.02981464372982,1,0,1.0
702,968.8083943040388,148.1681689505205,-95.57744847957846,970.5030274934544,165.43609895401312,967.1137611146229,130.9002389470279,1,0,1.0
703,968.9191539174201,148.142484781896,-95.90865603388505,970.722155816585,165.52754774115164,967.1161520182554,130.75742182264042,1,0,1.0
704,969.0742609088238,148.12402137217467,-96.22610672647943,970.9785261446757,165.5937246046285,967.1699956729719,130.65431813972083,1,0,1.0
705,969.2063674309428,148.08396291069067,-96.04769204287422,971.0645462089201,165.57735194484667,967.3481886529657,130.59057387653465,1,0,1.0
706,969.2563564873797,148.1216273254721,-95.92455445311424,971.0599571178776,165.43950879530823,967.4527558568818,130.803745855636,1,0,1.0
707,968.8806575414403,148.06795320880934,-96.06829842901645,970.671576605677,164.90130288714,967.0897384772036,131.2346035304787,1,0,1.0
708,968.4056402486153,148.04481941945758,-96.10386391936774,970.1361925796037,164.27842310517593,966.6750879176269,131.81121573373926,1,0,1.0
709,967.898038881108,148.08086870698742,-96.51384055303247,969.6593108300342,163.70386539106588,966.1367669321819,132.45787202290896,1,0,1.0
710,966.9954350358792,147.914550593582,-96.27250130137963,968.6233162733259,162.78269308124842,965.3675537984325,133.04640810591562,1,0,1.0
711,966.0818124732434,147.7646675174793,-96.41372401648741,967.6737985160366,161.9352261754151,964.4898264304501,133.59410885954347,1,0,1.0
712,965.3346405930793,147.62915042237256,-96.58420870694945,966.9205035282084,161.3048744386801,963.7487776579501,133.953426406065,1,0,1.0
713,965.0900852957782,147.5751646650405,-96.53527855883942,966.65608237096,161.0895928833703,963.5240882205967,134.06073644671068,1,0,1.0
714,964.5133651171175,147.44446653249773,-97.03466296743787,966.1741043714286,160.76414939190744,962.852625862806,134.124783673088,1,0,1.0
715,964.8416267123985,147.49806171575477,-96.56310381175032,966.386013820597,160.9147486943129,963.2972396042001,134.08137473719665,1,0,1.0
716,964.2524828294381,147.6222107818966,-97.05974724290132,965.9877894747601,161.8013028929695,962.5171761841164,133.4431186708237,1,0,1.0
717,964.9797813863286,147.85304694408512,-97.06409123502652,966.7465740640048,161.99204187949556,963.2129887086521,133.71405200867466,1,0,1.0
718,966.8763444098489,148.22268996357832,-96.40677116112684,968.5193264885478,161.7435865405414,965.2333623311501,134.70179338661524,1,0,1.0
719,970.5342602365054,148.74908960267513,-97.84005465890107,972.150504949412,160.62939621542125,968.9180155235985,136.868782989929,1,0,1.0
720,972.6752865650844,148.77151620751945,-98.69904320372514,974.2029423915078,159.2752126839368,971.1476307386612,138.26781973110212,1,0,1.0
721,973.7929712052464,148.62448618985212,-99.863797041627,975.39626025218,158.22335267089662,972.1896821583128,139.0256197088076,1,0,1.0
722,973.8082903142993,148.28367226542463,-100.24414201954195,975.3962842954363,157.43933838719425,972.2202963331622,139.128006143655,1,0,1.0
723,973.1384870371212,147.76326238817242,-100.54929557239576,974.8165939465234,157.17322273477703,971.460380127719,138.35330204156776,1,0,1.0
724,970.9843469630739,147.1618432910616,-100.36882224301986,972.6974723193441,157.05570858524698,969.2712216068036,137.26797799687623,1,0,1.0
725,968.8947047854587,146.91211592906197,-98.54956904347935,970.3857325655736,158.20032711689544,967.4036770053438,135.62390474122856,1,0,1.0
726,965.7787149899448,146.7947038768215,-97.51694303022789,967.3374895096626,159.9257577590684,964.2199404702269,133.6636499945746,1,0,1.0
727,964.6827463887964,146.9380450962029,-95.81095365973164,966.1050412915774,160.94639494000745,963.2604514860154,132.92969525239832,1,0,1.0
728,964.6235806348052,147.39427346063349,-94.40912471663405,965.8729166638893,161.6130737860612,963.3742446057212,133.17547313520578,1,0,1.0
729,965.862417573401,147.78629423094034,-95.44761461801778,967.1583086239793,161.38513551577734,964.5665265228226,134.18745294610338,1,0,1.0
730,971.9324776408203,85.24893239231214,-104.03693950022911,974.6944559729079,99.74760249842981,969.1704993087325,70.75026228619451,1,0,1.0
731,963.981223255447,163.21216094246034,-95.06718786581453,965.2803446688133,176.2201700734682,962.6821018420808,150.2041518114525,1,0,1.0
732,957.7715608916087,223.74006414243115,-87.95807606376704,957.8988631702368,235.54752554519678,957.6442586129807,211.93260273966555,1,0,1.0
733,953.6308679465401,266.8381991586332,-83.36844907862431,953.050523072383,277.9145725553651,954.2112128206973,255.76182576190124,1,0,1.0
734,951.0366748403301,292.7001334830169,-79.61777117882241,949.7969774782767,303.32739922744884,952.2763722023833,282.07286773858493,1,0,1.0
735,954.2839627931896,237.70044472235577,-88.83310959950666,953.9324595261905,250.61826725004735,954.6354660601885,224.7826221946642,1,0,1.0
736,953.5865912524459,245.09249440280604,-71.73220897925164,950.5821791212436,255.06021841396517,956.5910033836485,235.1247703916469,1,0,1.0
737,950.6952060437122,297.1698485866094,-72.04225666280007,949.3669805948452,306.21195988318055,952.023431492579,288.12773729003834,1,0,1.0
738,945.7008941536712,438.70290950589384,-64.6465826186706,943.3012913856448,446.6009374361681,948.1004969216974,430.8048815756196,1,0,1.0
739,944.8790095269148,510.4634684966614,-62.697748230461485,942.1310035269386,518.0446802872544,947.6270155268915,502.88225670606823,1,0,1.0
740,949.722765306326,450.213514376686,-67.63399574286996,947.7725080053868,457.9129234203144,951.673022607265,442.5141053330575,1,0,1.0
741,940.3934365542794,618.7601724022763,-57.59390018616709,936.2984032896263,625.8709652675466,944.4884698189326,611.6493795370061,1,0,1.0
742,940.5231630529804,654.0002372636834,-59.81154648442562,936.235103475701,662.1288022014128,944.8112226302596,645.871672325954,1,0,1.0
743,943.9902392680631,618.3736794925045,-66.99440200007986,940.3301809783529,628.1257990743912,947.6502975577731,608.6215599106176,1,0,1.0
744,950.5625343088868,512.2520423142421,-75.12771332021725,947.403418190835,524.1233660742431,953.7216504269385,500.3807185542412,1,0,1.0
745,960.4904291340202,334.9777276277668,-80.28617023081739,956.9690127186585,349.043293612745,964.011845549382,320.9121616427886,1,0,1.0
746,963.354540145056,248.74159365792195,-62.55525353502957,957.0989313455252,259.8805684366662,969.6101489445869,237.6026188791777,1,0,1.0
747,959.4746412192704,146.38798529629597,-66.36425773134377,954.9138673211726,157.3861775322694,964.0354151173682,135.38979306032252,1,0,1.0
748,957.7018407132052,181.62565785044404,-67.94727674445853,952.2270504687829,193.07512492310565,963.1766309576278,170.1761907777824,1,0,1.0
749,961.3539335671162,196.86704961947862,-55.11948317638915,954.7255664911049,205.24364096586413,967.9823006431272,188.49045827309308,1,0,1.0
750,969.5714015565577,238.30376007798858,-49.610653831615416,963.0085181713912,244.87229396145216,976.1342849417242,231.73522619452507,1,0,1.0
751,978.7770999124937,444.61719357455956,-49.424004812206505,972.8492665903209,451.4970873983872,984.7049332346667,437.73729975073206,1,0,1.0
752,990.6610485901213,597.1146489871523,-55.056341088827665,986.3916740482429,605.3289665734274,994.9304231319998,588.9003314008773,1,0,1.0
753,1007.494420725783,762.87088750488,-66.16034020922967,1005.4689843073338,773.2301322572691,1009.5198571442324,752.5116427524908,1,0,1.0
754,1023.9412286377772,898.5616711958273,-74.83230593892017,1023.3376532446096,911.0527284192874,1024.5448040309448,886.0706139723673,1,0,1.0
755,1035.395791633925,966.1995287465213,-77.46281299614233,1034.9788848020276,980.0466463850446,1035.8126984658227,952.352411107998,1,0,1.0
756,1034.5931859491338,914.5183473352304,-77.09710041649379,1034.2806111687883,928.7542986827079,1034.9057607294799,900.2823959877527,1,0,1.0
757,1021.9278272961341,742.9638844664388,-73.58129292453913,1021.2961273359763,756.4547755150311,1022.5595272562919,729.4729934178465,1,0,1.0
758,1007.7499144576672,605.1661010576307,-70.9142148678916,1006.7252641980925,617.6578035026439,1008.7745647172418,592.6743986126174,1,1,0.5
759,990.74483774781,457.87713068165226,-46.6191408691078,987.1753037335893,465.1707441888914,994.3143717620308,450.5835171744133,1,1,0.5
760,975.3980353528004,317.9817418504441,-36.482677027954864,970.7438007186618,322.65597897345697,980.0522699869391,313.30750472743125,1,0,1.0
761,963.619785327729,201.9707410419437,-32.36824435773799,958.5573394990937,204.86079407660145,968.6822311563642,199.08068800728603,1,1,0.5
762,956.708498338264,129.86340502065065,-35.48708431838473,951.9426068026455,132.445988247788,961.4743898738825,127.28082179351335,1,1,0.5
763,959.67889457835,118.5700517912357,-48.201423551869865,956.1315186001093,121.81569478654887,963.2262705565905,115.3244087959225,1,1,0.5
764,966.1445405582356,132.74629763818598,-66.43978448822642,964.4017139234121,137.04811858023294,967.8873671930587,128.44447669613902,1,1,0.5
765,972.8876506520802,152.2184599255174,-84.15456749473466,972.951752298462,157.72872518483123,972.8235490056982,146.70819466620358,1,1,0.5
766,975.7350591909958,151.15326349842536,-95.02425317623911,976.9227814837693,157.56221019359472,974.5473368982219,144.74431680325603,1,1,0.5
767,977.7305919182417,150.3563820962574,-102.71013770922518,979.7124428105085,157.49365933204672,975.7487410259748,143.219104860468,1,0,1.0
768,978.8464407105089,149.85579371095446,-106.89938197795654,981.2609950743956,157.59992707604613,976.4318863466219,142.1116603458628,1,0,1.0
769,979.1495443079061,149.50859566155785,-107.64155953079315,981.62595802071,157.7850060202896,976.6731305951023,141.2321853028261,1,0,1.0
770,978.706091244414,149.42984737392524,-105.8917712337679,980.9950668479039,158.16476533324717,976.4171156409242,140.6949294146033,1,0,1.0
771,977.8466182835004,149.35917622715962,-102.21903779597412,979.6984971270264,158.50510509504133,975.9947394399746,140.21324735927794,1,0,1.0
772,976.6983961568483,149.3168875912254,-99.00776513446858,978.274727341981,159.09146814423713,975.1220649717153,139.54230703821364,1,0,1.0
773,975.8351313567234,149.31386353682296,-96.71811499705487,977.1396039279689,159.92113338284108,974.5306587854782,138.70659369080485,1,0,1.0
774,974.8819830694799,149.4033492176868,-96.29726914829078,976.1264057526814,160.81039302329347,973.6375603862784,137.99630541208018,1,0,1.0
775,973.7666582650377,149.42437070439934,-95.75770633717173,974.9954742736833,161.90941173688813,972.5378422563921,136.9393296719105,1,0,1.0
776,972.5292256626624,149.52796912765086,-94.54238041709331,973.6105242741148,163.23585837773606,971.4479270512102,135.82007987756566,1,0,1.0
777,971.5745432891791,149.58134884117032,-94.3220107127191,972.6717227048141,164.15270457500156,970.4773638735438,135.00999310733906,1,0,1.0
778,970.8282266430742,149.53331041434143,-94.14774933677694,971.9370321521792,164.78543704940614,969.7194211339695,134.28118377927672,1,0,1.0
779,970.375833114028,149.338433459481,-93.89081154326195,971.455229390935,165.0112527577902,969.2964368371211,133.6656141611718,1,0,1.0
780,970.0788719248648,149.10577245850982,-93.88803574419407,971.1635170435372,164.97968044573565,968.994226806192,133.231864471284,1,0,1.0
781,970.0131457241705,148.74072302310373,-94.17867317218739,971.175653337873,164.59014467133062,968.8506381104679,132.89130137487683,1,0,1.0
782,969.891567323346,148.34607076010198,-95.51986510948056,971.431503155897,164.2728477477342,968.3516314907947,132.41929377246976,1,0,1.0
783,969.8761879200762,148.27017048275394,-95.69561831493675,971.4852492226603,164.38811838935618,968.2671266174921,132.15222257615173,1,0,1.0
784,969.9471992453224,148.28550454923982,-95.80760027058201,971.6049770874665,164.56592399142173,968.2894214031785,132.00508510705782,1,0,1.0
785,969.8662673206845,148.44944424056322,-95.61432934780245,971.4929525050866,165.06571212688445,968.2395821362825,131.83317635424197,1,0,1.0
786,968.4605492096473,138.3351288357054,-94.89998624326105,969.8674936410583,155.16962603944964,967.0536047782361,121.50063163196116,1,0,1.0
787,967.3989076322464,130.79338167616703,-94.5782555426471,968.693002738367,147.7399548747676,966.1048125261259,113.84680847756647,1,0,1.0
788,967.9213396427192,135.9531794963579,-94.20547828882525,969.1374246135138,153.1108062332844,966.7052546719245,118.79555275943144,1,0,1.0
789,971.0245422473815,161.04571617649506,-94.13035745263792,972.318046232166,178.52423937598553,969.7310382625972,143.56719297700454,1,0,1.0
790,977.2060398417277,210.34774621533094,-94.68001136278608,978.8474561647884,228.3539045661526,975.5646235186671,192.34158786450928,1,0,1.0
791,986.7355086150355,285.33713493921925,-96.17854427218194,989.0891775284806,304.0310033689524,984.3818397015905,266.6432665094862,1,1,0.5
792,1000.931848970517,394.999666838335,-98.64942336744859,1004.4549308798812,414.84837261432824,997.4087670611525,375.1509610623418,1,1,0.5
793,1017.3374007362468,521.9351647041408,-103.25364080992071,1022.4671332206603,543.66921563645,1012.2076682518334,500.2011137718316,1,1,0.5
794,1033.5374329138845,648.828399761639,-107.32766177499373,1040.1400025303878,672.2174005352164,1026.9348632973806,625.4393989880616,1,1,0.5
795,1047.0919979260977,758.5026726731454,-108.01080063514208,1054.3518127011087,782.7489097772063,1039.8321831510866,734.2564355690846,1,1,0.5
796,1055.7729581942274,833.6773398559578,-103.65255564307938,1062.4788406398225,857.326416698937,1049.0670757486323,810.0282630129785,1,0,1.0
797,1052.1586922741928,870.2458447239402,-80.04352478551344,1054.4985317978662,890.1407245297264,1049.81885275052,850.3509649181539,1,0,1.0
798,1055.5700512650674,899.5585935665424,-64.70315975594136,1054.8341667014158,915.611256417793,1056.305935828719,883.5059307152919,1,1,0.5
799,1069.66160213923,927.3189309161478,-61.79734699960516,1068.8497934626218,939.958133548151,1070.4734108158382,914.6797282841446,1,1,0.5
800,1086.6966166066761,950.2322854641397,-65.1492472045926,1086.689547240569,960.0895805154141,1086.7036859727837,940.3749904128655,1,1,0.5
801,1095.7996609369377,963.6818781287786,-64.74648297977475,1093.8273586374564,971.3285768496083,1097.7719632364192,956.0351794079486,1,0,1.0
802,1100.4823651238771,981.9076495765219,-65.68845408442554,1095.6303719453201,989.6837373466096,1105.3343583024339,974.1315618064343,1,0,1.0
803,1095.5440551566,988.3281062811539,-67.52494882928437,1087.7089666665563,997.7165702564691,1103.3791436466436,978.9396423058389,1,0,1.0
804,1084.816415781634,989.9581147069657,-61.77216133933155,1072.1776852587998,998.604864414869,1097.4551463044681,981.3113649990623,1,1,0.5
805,1066.496949995605,980.3582593349115,-51.04119832533267,1048.4539136274332,988.0676986424616,1084.5399863637772,972.6488200273614,1,0,1.0
806,1041.2792065163464,959.7712011274971,-33.27051897820229,1017.1050805167165,965.9501545792502,1065.4533325159764,953.5922476757441,1,0,1.0
807,1010.0637511652831,928.4764601435161,-4.522991555874401,978.2779236955455,931.4503084856472,1041.8495786350209,925.502611801385,1,0,1.0
808,995.0562250964688,918.1002617624953,4.48628350561851,961.3437773288775,919.5477692876107,1028.76867286406,916.6527542373798,1,0,1.0
809,991.709767038664,919.3328698120758,1.7109595687859944,960.3308633195647,920.2726906464003,1023.0886707577635,918.393048977751,1,0,1.0
810,990.3755699128726,922.0633432353445,-3.1839123455352802,961.9792793659412,923.0945931072033,1018.771860459804,921.0320933634857,1,0,1.0
811,985.426292347161,919.3406019747398,-4.227315283788761,958.2990146762252,920.9270517914126,1012.5535700180969,917.7541521580669,1,0,1.0
812,982.3353537438848,918.1674669206477,-8.760762892842576,957.4402446173882,921.8595929817825,1007.2304628703812,914.4753408595127,1,0,1.0
813,978.0561376832411,915.2998633364921,-12.033874728317128,955.5833928687227,920.3872481994362,1000.5288824977596,910.212478473548,1,0,1.0
814,976.8739199086144,918.1496457944295,-11.454526183581137,955.5671491770216,922.3752323735264,998.1806906402074,913.9240592153324,1,0,1.0
815,974.8603026038792,919.0062494249404,-12.161744855468239,955.0817663986963,923.2380030256353,994.638838809062,914.7744958242454,1,0,1.0
816,972.6947580113077,920.9049352965098,-12.82719163178686,954.0158852053188,925.1846289367552,991.3736308172968,916.6252416562645,1,0,1.0
817,970.5040526716398,924.1363493251229,-11.859591372788554,952.2985676497217,927.9586941996552,988.7095376935576,920.3140044505902,1,0,1.0
818,968.4779186140131,927.6149463531506,-10.513225487209573,951.1034324140721,930.8758228350159,985.8524048139539,924.3540698712852,1,0,1.0
819,966.0319751756024,931.9958860365255,-8.934706227770592,949.1484604746717,934.7345548987869,982.915489876533,929.2572171742638,1,0,1.0
820,963.1404857316609,936.7570267032863,-4.6502757667072885,946.470343701698,938.4280534529705,979.8106277616238,935.085999953602,1,0,1.0
821,958.3882472054765,1008.6576466856609,0.08688438296579992,941.5610115375325,1009.2342635793067,975.2154828734202,1008.0810297920152,1,0,1.0
822,957.8047293811361,928.0943622171587,-15.391030530666189,943.2085361173511,931.4024906893517,972.4009226449214,924.7862337449658,1,0,1.0
823,957.0745790696386,865.6296419438759,-19.620903041652554,944.7460908729032,869.5440679847521,969.403067266374,861.7152159029998,1,0,1.0
824,953.6496468407349,889.4479730904051,-15.602591988693549,942.1126006287858,892.5626550686225,965.186693052684,886.3332911121876,1,0,1.0
825,952.3772283052299,846.2105704522706,-18.8387024505157,942.5871924265645,849.7579832412509,962.1672641838952,842.6631576632906,1,0,1.0
826,952.9049326728946,755.2660085646407,-26.907868513403397,945.1278276940652,760.3281321465684,960.6820376517238,750.2038849827131,1,0,1.0
827,955.0754147402552,635.8053957094819,-37.301770926397836,949.3651362845274,642.7618230129287,960.785693195983,628.848968406035,1,0,1.0
828,958.4731818347154,506.6583926023035,-48.89048641310473,954.5459346689842,515.6102953125771,962.4004290004468,497.70648989202994,1,0,1.0
829,961.5929338144672,386.3732277154005,-59.994416084376304,959.0513950244875,397.184751716768,964.134472604447,375.561703714033,1,0,1.0
830,964.5018631776693,294.23297270692177,-69.37360291784364,962.9458335212923,306.3675382650122,966.0578928340461,282.0984071488313,1,0,1.0
831,966.6547140298517,248.82059664068558,-81.12502201261424,965.8848663820222,262.57663776393133,967.4245616776813,235.06455551743986,1,0,1.0
832,971.8899518972132,98.16447163330844,-101.8358451753478,973.1566489289703,115.15250355436227,970.6232548654559,81.17643971225465,1,0,1.0
833,973.4332800340969,80.96508261336535,-99.3322652689726,975.0097719503219,96.91843257305409,971.8567881178719,65.01173265367657,1,0,1.0
834,971.821238472153,148.72316421838133,-91.71143738452409,972.2853393822195,162.80558525832848,971.3571375620866,134.6407431784342,1,0,1.0
835,972.7111948452276,149.00128273543856,-92.00462802165889,973.1950339338939,162.37657918077937,972.2273557565613,135.62598629009773,1,0,1.0
836,973.3183786039802,149.62466882647863,-91.40590141122371,973.6138878472451,162.44937792764892,973.0228693607156,136.79995972530833,1,0,1.0
837,973.9371951584052,150.30872547005788,-90.62618450537975,974.0386023823156,162.57796789951362,973.8357879344945,138.03948304060216,1,0,1.0
838,974.9409934654495,150.92517847270744,-90.26817343450328,974.9562244302249,162.49255873324842,974.9257625006742,139.35779821216647,1,0,1.0
839,976.2657754774611,151.37239056089618,-89.89727302801302,976.2297079313778,162.23435721471526,976.3018430235447,140.5104239070771,1,0,1.0
840,977.9782632000932,151.57333636711144,-89.17946823403472,977.8572324651518,161.65722593716754,978.0992939350349,141.48944679705528,1,0,1.0
841,979.8705991505069,151.31221741609403,-87.45700499332916,979.4954976613541,160.68703433209117,980.2457006396598,141.93740050009686,1,1,0.5
842,982.1757805966907,150.59930287182235,-84.8408634951655,981.3402971719454,159.56755214618454,983.0112640214362,141.63105359746015,1,0,1.0
843,984.3467260505438,149.56781586071185,-80.99078366309499,982.8544406276288,158.2625830356514,985.8390114734589,140.8730486857723,1,1,0.5
844,986.0184250081754,148.60539378426236,-76.36452678920139,983.8240117268978,157.0648810771186,988.2128382894532,140.1459064914061,1,1,0.5
845,986.8409728092489,147.96451831221688,-71.69935757251616,984.0641830931717,156.1296921898222,989.6177625253263,139.7993444346116,1,1,0.5
846,986.4622990923071,147.4578924261916,-65.38116094950682,982.937469105344,155.27631526060202,989.9871290792704,139.63946959178116,1,0,1.0
847,985.2246461980017,147.1186248565719,-58.4123050495437,980.9803612796622,154.3911465412757,989.468931116341,139.8461031718681,1,1,0.5
848,983.3767512576874,146.94584828102512,-51.31905346389803,978.5236598398928,153.3796412126702,988.2298426754819,140.51205534938003,1,1,0.5
849,980.8943450579934,146.90415982802148,-43.798153553817485,975.4677296305332,152.32838188381575,986.320960485454,141.47993777222723,1,1,0.5
850,978.0073229827533,146.94606380098742,-36.004550364387185,972.029682524623,151.25177217799092,983.9849634408835,142.64035542398386,1,1,0.5
851,975.0375385693333,147.00506622471983,-28.155166958726227,968.5134751444186,150.1699771677858,981.5616019942477,143.84015528165384,1,1,0.5
852,972.3988035086327,146.99567484538625,-20.528904417987825,965.3099088613917,149.10892337510185,979.4876981558739,144.8824263156706,1,1,0.5
853,969.4367297863357,146.95663118430906,-5.1610544164338314,961.2574906242628,146.83164078361415,977.6159689484085,147.08162158500394,1,1,0.5
854,966.6693982949703,146.85390495203407,3.8890223682776415,957.5015759851541,145.79288811663358,975.8372206047866,147.91492178743454,1,1,0.5
855,964.1927832400897,146.92788092578934,0.6429157003011926,955.4296494953282,146.21333449248354,972.9559169848515,147.64242735909505,1,1,0.5
856,962.3717096276268,147.1548782751612,-9.2151191452337,954.5045830535087,147.85156121297905,970.2388362017449,146.4581953373433,1,1,0.5
857,961.0534203242319,147.30020988330872,-25.174374729405848,954.6944629093614,150.0715423240106,967.4123777391022,144.5288774426068,1,0,1.0
858,960.1299756250413,147.48787668179563,-44.60414776105461,955.6301242711493,152.76166850151108,964.6298269789334,142.2140848620802,1,0,1.0
859,959.7994369676856,147.77069737309205,-64.5860809902496,957.2092014901991,155.62991515589056,962.3896724451721,139.9114795902935,1,0,1.0
860,959.8899198010404,147.96009429583694,-82.14528696526554,958.9655343548342,158.08991911695634,960.8143052472466,137.83026947471754,1,0,1.0
861,960.2751411057493,148.06630315428356,-95.03334309310151,960.6617193727286,159.85413995657447,959.8885628387701,136.27846635199265,1,0,1.0
862,960.7729545100916,148.0985289090376,-100.97023754563963,961.9867180859205,160.36437951789767,959.5591909342628,135.83267830017758,1,0,1.0
863,960.87120794631,148.00076108274766,-94.9546202927167,961.8154036084065,159.24165503201615,959.9270122842136,136.75986713347916,1,0,1.0
864,961.1745315088963,147.85225710382255,-94.1090176500924,961.9806240050065,159.01914154435232,960.3684390127861,136.68537266329275,1,0,1.0
865,970.0891536110366,80.50926003568793,-94.25659281218108,971.0320103805066,92.06459652960322,969.1462968415668,68.95392354177264,1,0,1.0
866,968.3702035816509,97.56179916528288,-95.31263474730162,969.5224120433297,109.18882159080664,967.2179951199723,85.93477673975914,1,0,1.0
867,957.9820633369206,179.88546366766025,-113.89256213704061,961.1063134918741,192.42054066019375,954.8578131819672,167.35038667512674,1,0,1.0
868,941.3141254352813,307.2127215982838,-112.9552090957847,946.7713962712858,318.50690415154236,935.8568545992769,295.9185390450251,1,0,1.0
869,921.195761224963,464.6081467054538,-102.42867065412202,925.6153915877512,473.86961385634334,916.7761308621748,455.34667955456416,1,0,1.0
870,899.6270765241336,632.3854746134127,-84.8790667624304,900.4644468898698,639.1120949924562,898.7897061583974,625.6588542343693,1,0,1.0
871,879.3317443977279,791.6704474344526,-63.55760038107621,875.1266872391809,795.7281761001025,883.5368015562749,787.6127187688026,1,0,1.0
872,853.6586410105253,990.9305134633967,-33.15147258981062,841.2039361108623,991.1549036207703,866.1133459101882,990.7061233060231,1,0,1.0
873,844.9182099861416,1058.5784729682973,-12.221407186222217,826.5813307312542,1056.8404819719685,863.255089241029,1060.316463964626,1,0,1.0
874,853.2420789255377,994.5880593827443,-2.540685975918485,831.741706311408,992.6482957219265,874.7424515396672,996.527823043562,1,0,1.0
875,878.7166662219253,799.1002059470746,-2.1640942837677697,856.3772568765227,798.8745049609613,901.056075567328,799.325906933188,1,0,1.0
876,899.3541418977145,641.7324011752733,-20.289033631214124,880.0952762716314,644.4224751851763,918.6130075237977,639.0423271653705,1,0,1.0
877,921.158989365141,473.35679938589556,-55.18727471872906,908.5895895978548,480.25392801307373,933.7283891324274,466.4596707587173,1,0,1.0
878,941.5793876735991,312.49414993778146,-71.13122821179971,936.226943112383,321.5977948674516,946.9318322348151,303.39050500811123,1,0,1.0
879,958.3595447807292,181.79158479680473,-86.41240741404948,957.3497526993026,193.0399707354579,959.3693368621557,170.54319885815158,1,0,1.0
880,968.7386119644225,98.15011686228988,-97.429077502797,970.7255949845407,110.56012510816757,966.7516289443043,85.74010861641223,1,0,1.0
881,970.8065943618192,80.7767011005208,-100.0543163440258,973.5466323561054,93.30175317768712,968.0665563675332,68.25164902335447,1,0,1.0
882,961.7676386882719,148.04232279620027,-92.57440102766809,962.2755499959364,159.23302451600526,961.2597273806073,136.85162107639528,1,0,1.0
883,961.695991048925,147.4650743536489,-92.28136407906709,962.1365748590932,158.5482482081617,961.255407238757,136.38190049913612,1,0,1.0
884,961.8635564530628,147.2032185652805,-91.77098606049285,962.1965885075567,158.25221406749807,961.5305243985688,136.15422306306294,1,0,1.0
885,962.2065269353775,147.37874891095026,-90.68268464186788,962.3137659312965,158.5422629870418,962.0992879394585,136.21523483485876,1,0,1.0
886,962.3827747684593,147.39299176217463,-89.67077864746278,962.2906912316073,158.81915406975327,962.4748583053115,135.96682945459594,1,0,1.0
887,962.5123548257627,147.44606499147156,-89.36051784077742,962.3672335793624,159.1791325770458,962.657476072163,135.7129974058973,1,0,1.0
888,962.5580518492201,147.52574590236182,-88.89616594315905,962.3254303285551,159.50100780539975,962.7906733698853,135.55048399932383,1,0,1.0
889,962.7302513584646,147.68050879564277,-89.41902905946654,962.633115167481,159.90070019022062,962.8273875494481,135.46031740106494,1,0,1.0
890,962.684665241944,147.84266898036628,-91.74330074407806,963.0600678221457,160.07931848567665,962.3092626617423,135.6060194750559,1,0,1.0
891,962.6996843762279,147.96358197217836,-92.20883113634952,963.1796353118305,160.155930819998,962.2197334406253,135.77123312435873,1,0,1.0
892,962.574302820045,147.6830015892937,-92.27052172546183,963.0636529580295,159.69573576399878,962.0849526820606,135.6702674145886,1,0,1.0
893,962.5145034410332,147.4801512091007,-92.58109988999686,963.0734140410691,159.42863071955426,961.9555928409973,135.53167169864724,1,0,1.0
894,962.4752174114147,147.26325741412148,-93.57454584966044,963.2372645991445,159.10686277422786,961.713170223685,135.41965205401507,1,0,1.0
895,962.2731378028027,147.04693409357503,-94.61593836719044,963.251300427487,158.8232805023529,961.2949751781182,135.2705876847972,1,0,1.0
896,961.9997437384859,146.80963936898803,-94.7013399122198,962.9956539166742,158.54232280424645,961.0038335602977,135.0769559337296,1,0,1.0
897,961.8824673877581,146.58097835782186,-95.75971265759787,963.1063255623997,158.37632359259936,960.6586092131165,134.78563312304436,1,0,1.0
898,961.9357158448761,146.40848603831463,-96.68302140641332,963.3611063239306,158.34522207538515,960.5103253658216,134.47175000124412,1,0,1.0
899,962.1362839482235,146.33044726775958,-98.51514206246523,963.9616021577021,158.46574621999287,960.3109657387447,134.19514831552635,1,0,1.0
