frame,detected,center_x,center_y,angle_deg,handle_x,handle_y,head_x,head_y,quality
0,1,803.3809182209469,759.7855093256815,-106.62176661643744,808.0721777890117,775.5002184755525,798.6896586528821,744.0708001758104,1.1600712035619665
1,1,803.7801950487622,760.3593398349587,-104.05212981336018,807.6650687477035,775.8805432787409,799.8953213498208,744.8381363911766,1.1674485040187252
2,1,802.5676638176639,761.3247863247864,-97.73497880427927,804.8826316148801,778.3682872590971,800.2526960204476,744.2812853904757,1.3097944375379122
3,1,803.0209351011863,761.7773900907188,-101.29530120035045,806.3114792617243,778.2519862656649,799.7303909406482,745.3027939157727,1.213933427704316
4,1,803.1413333333334,761.6966666666667,-117.93196082269472,811.0108351130013,776.5395417836985,795.2718315536654,746.8537915496349,1.1098521329424234
5,1,802.535875888817,761.7278603749191,-106.79812505832388,807.5066839651961,778.1939184055409,797.565067812438,745.2618023442974,1.1542162745819495
6,1,803.433962264151,761.7203504043126,-127.43843454706767,813.4036633667581,774.7420653422413,793.4642611615438,748.698635466384,1.103460173603349
7,1,802.9524133242692,762.2100611828688,26.44023321169386,788.6260242728272,755.0858365410763,817.2788023757112,769.3342858246613,1.1460846748256874
8,1,802.8822733423546,762.1874154262517,28.599709379777565,788.8345068867433,754.5284169533049,816.9300397979658,769.8464138991985,1.141520563932225
9,1,802.3759791122716,762.186684073107,11.56780057212807,785.9172190677539,758.8178240586531,818.8347391567893,765.555544087561,1.262894061363834
10,1,802.3464309102816,763.2180746561886,13.121336861160712,785.9850537918794,759.4042394749797,818.7078080286838,767.0319098373975,1.2703041813069273
11,1,801.877472878111,763.1959157626037,15.802725513409152,785.7124282012091,758.6208386491809,818.0425175550129,767.7709928760265,1.2145030103757826
12,1,796.2014925373135,769.2611940298508,-59.789732531970316,787.9494255292029,783.433822229788,804.453559545424,755.0885658299136,3.1268146557599836
13,1,795.1648351648352,769.7912087912088,-59.30919220396351,786.7941937944443,783.8941291642485,803.535476535226,755.688288418169,2.712373220787772
14,1,794.7764705882353,770.1411764705882,-58.06110876020741,786.5238447298767,783.3795361288674,803.0290964465938,756.9028168123091,3.352849672576371
15,1,793.8167938931298,771.5267175572519,-61.42404350531536,786.163619805248,785.5776579663695,801.4699679810116,757.4757771481343,2.72982134352277
16,1,792.4244604316547,771.9784172661871,-63.66093504632985,785.3255432627707,786.3173633581886,799.5233776005387,757.6394711741856,2.46631646269112
17,1,790.5088339222615,772.3286219081272,-65.36825653730455,784.0069961816026,786.5091051860039,797.0106716629203,758.1481386302504,2.169866786702499
18,1,791.008,772.932,-63.871273503408354,784.1379259781103,786.9377874799583,797.8780740218898,758.9262125200418,2.909107424806556
19,1,789.9375,773.7333333333333,-65.55545831177453,783.8130784100011,787.2066944651355,796.0619215899989,760.2599722015312,2.6122464859465397
20,1,786.9656357388316,774.7731958762887,-78.62003483168175,783.8875287092683,790.0665034686492,790.0437427683948,759.4798882839282,2.1432803791545028
21,1,785.4820143884892,774.7158273381295,-79.69316524551053,782.6908689330621,790.0641010862306,788.2731598439163,759.3675535900285,2.2714314178025212
22,1,794.463645943098,772.9009483667018,6.643482266458322,781.3522806069204,771.3738272119529,807.5750112792755,774.4280695214507,1.2404457579138812
23,1,791.4453280318091,774.831013916501,-100.11951743619385,793.8348763271892,788.2194439568024,789.055779736429,761.4425838761996,1.2040298078245066
24,1,781.3639143730887,777.8593272171254,-92.19097952142832,781.9756021747769,793.8476303801651,780.7522265714006,761.8710240540856,1.8218570049096507
25,1,780.2523076923077,778.3692307692307,-100.09630430277151,783.0571592638217,794.1214626003642,777.4474561207936,762.6169989380973,1.8396412968658855
26,1,778.2582781456954,779.7483443708609,-101.23851909385058,781.376578765303,795.4415340162375,775.1399775260878,764.0551547254843,1.9332094102487067
27,1,777.7444444444444,780.4740740740741,-91.04434574051838,778.0214836334283,795.6715491698842,777.4674052554606,765.276598978264,2.1213039793862962
28,1,775.7198581560284,781.1843971631206,-96.8363256622891,777.6243939479108,797.0706410054339,773.815322364146,765.2981533208073,2.8363630102629815
29,1,786.3737244897959,785.515306122449,-94.13516541533406,787.2967275282996,798.2819840533327,785.4507214512922,772.7486281915653,1.454601277322991
30,1,780.5849227974569,787.4486830154406,-90.78093571411902,780.8138980185809,804.2471225366613,780.3559475763329,770.6502434942198,2.1500923204175417
31,1,775.9774052478134,787.4475218658893,-84.52016779014431,774.2966866872187,804.9670876458986,777.6581238084082,769.9279560858799,1.6449037050573614
32,1,775.041028781384,785.3453766074709,-78.76364790142974,771.6115509911028,802.6080149367058,778.470506571665,768.0827382782361,1.1807134096182834
33,1,764.6764705882352,783.3088235294117,21.453689442428164,747.9236276494361,776.7253401453719,781.4293135270344,789.8923069134515,3.8747467884787152
34,1,774.1218424962852,832.4576523031203,8.646620631458866,744.0673573656338,827.8873215129636,804.1763276269367,837.027983093277,3.3807362302710606
35,1,778.0313043478261,834.3252173913044,10.027947824696133,749.2773946902524,829.2406643721995,806.7852140053998,839.4097704104092,4.056151142239393
36,1,777.9413854351687,837.1136767317939,6.991939139791006,749.3555627569037,833.6078613049938,806.5272081134337,840.6194921585941,2.7212117304047445
37,1,780.5562015503876,839.2693798449612,10.33625938223925,753.7976116714589,834.3890245616556,807.3147914293164,844.1497351282669,2.258678354334187
38,1,780.0415841584158,839.609900990099,14.526728587052732,754.4855728256546,832.9879462364197,805.5975954911771,846.2318557437784,2.5243461830453997
39,1,781.2894736842105,835.843984962406,5.39249327519153,745.0505696791503,832.4231902430422,817.5283776892708,839.2647796817698,4.649543521122019
40,1,771.1370757180157,838.6462140992168,28.39092229137251,743.6896894833599,823.8110872414637,798.5844619526715,853.4813409569698,3.1590412536751686
41,1,767.8896648044692,835.1019553072625,21.733707327219285,737.4212565003181,822.956334886241,798.3580731086204,847.247575728284,5.845546010920049
42,1,764.3234042553191,830.8368794326241,18.56848647236014,732.4724959692908,820.1373634924046,796.1743125413475,841.5363953728436,8.644955171985249
43,1,762.931129476584,828.4834710743802,17.290033363354475,730.4675040140916,818.3783722707558,795.3947549390765,838.5885698780046,8.625605697880662
44,1,772.742496050553,837.3238546603476,30.985596535970043,747.0235936123177,821.8791773450869,798.4613984887883,852.7685319756083,4.592527917790668
45,1,775.0965732087227,840.5965732087227,33.40209999677384,750.7196047611487,824.5216421262581,799.4735416562967,856.6715042911873,3.7278228676554646
46,1,788.689497716895,721.1118721461187,-107.89374503325776,797.046771990078,746.9961524475448,780.3322234437119,695.2275918446926,43.299850906093845
47,1,778.3292894280762,841.7019064124784,33.56501438498443,752.6649124087179,824.6731145525655,803.9936664474345,858.7306982723912,3.834093595177341
48,1,776.8604651162791,836.313269493844,25.7409835029901,749.116853966882,822.936721344525,804.6040762656762,849.689817643163,4.5337453790895115
49,1,781.9148936170213,844.0460992907801,42.12356451377775,761.443972339809,825.5339037953189,802.3858148942337,862.5582947862414,2.911834380790347
50,1,745.5,797.3166226912929,17.04105301507586,729.0551656014507,792.2760451842717,761.9448343985493,802.3572001983141,2.141925841934774
51,1,746.1901913875598,795.2679425837321,14.910692469171018,728.4097547766013,790.5333809436555,763.9706279985184,800.0025042238086,2.4177647244783893
52,1,800.144578313253,681.5493975903614,-60.192639765035636,789.208698845189,700.6388328952618,811.0804577813169,662.4599622854611,39.63895000559025
53,1,796.2021505376345,677.5397849462365,-53.371014823589526,781.1670510162455,697.7631818513544,811.2372500590234,657.3163880411187,56.952940373426124
54,1,750.4769001490313,796.7883755588674,24.12130840696367,734.7787653587075,789.7592529888146,766.1750349393551,803.8174981289202,2.8143391809785205
55,1,750.4391143911439,797.0867158671587,22.193887096229016,735.6245401273611,791.042843815,765.2536886549267,803.1305879193173,2.451645573306552
56,1,751.2708333333334,798.7520833333333,26.69388542893409,738.4055949195109,792.2832626869165,764.1360717471558,805.2209039797501,1.6915255611057392
57,1,750.9243379571249,795.843631778058,15.569860458564026,733.1995462971581,790.904830242182,768.6491296170916,800.782433313934,2.1583912758682438
58,1,751.3649025069637,797.3607242339833,13.243828140712798,734.232993125812,793.328642767048,768.4968118881155,801.3928057009186,2.1566504241866746
59,1,753.8743362831858,797.8672566371681,14.83985259943418,737.6346922674389,793.5644712321289,770.1139802989327,802.1700420422073,2.2579142708611384
60,1,789.8438661710037,648.6282527881041,-24.682317876104882,774.578763012738,655.6437089790803,805.1089693292694,641.6127965971278,19.22380545988904
61,1,785.495,654.2225,-21.883064221464675,762.4819277177398,663.4657950905761,808.5080722822602,644.9792049094239,44.730821028737395
62,1,787.4331797235023,643.2258064516129,-19.27769878702023,770.8200200646704,649.0363938702961,804.0463393823343,637.4152190329297,15.048516560299772
63,1,784.3951048951049,643.2797202797203,-9.375842805327741,763.8729734298399,646.6682480016646,804.9172363603698,639.8911925577761,12.077651696586388
64,1,783.498127340824,639.3445692883895,-2.597262086528117,765.9162071810996,640.1421177176883,801.0800475005484,638.5470208590907,8.2967348270477
65,1,781.9557823129252,644.295918367347,-5.815641859416025,761.6607794158718,646.3630074821648,802.2507852099785,642.2288292525292,15.290959613021343
66,1,781.2318339100347,644.7681660899653,-4.118662574437382,759.2886501941596,646.3482573567452,803.1750176259097,643.1880748231855,18.61359177521039
67,1,779.9665653495441,645.2218844984802,-2.3153637493207935,754.3874652424975,646.2561174092334,805.5456654565908,644.187651587727,20.75218651114245
68,1,779.285294117647,647.1970588235295,-3.5387989457763505,752.1371582786829,648.8759633679128,806.4334299566111,645.5181542791461,23.656014395210168
69,1,778.6349206349206,647.8857142857142,-2.09765929398881,751.0534156722691,648.8959538588995,806.2164255975721,646.875474712529,31.111283723733884
70,1,778.0634441087614,648.785498489426,-0.20987714890199424,749.6636346429459,648.8895287993349,806.4632535745768,648.6814681795171,31.09409134757987
71,0,,,,,,,,
72,0,,,,,,,,
73,0,,,,,,,,
74,0,,,,,,,,
75,0,,,,,,,,
76,0,,,,,,,,
77,0,,,,,,,,
78,1,776.5070821529745,654.3541076487252,9.221224491522996,746.8947730110912,649.5467021857406,806.1193912948578,659.1615131117097,34.18731513381052
79,1,777.0157068062828,657.1701570680628,10.151650093654874,747.0916281345403,651.8120309359742,806.9397854780252,662.5282832001515,36.567093190985204
80,1,777.6134453781513,657.7899159663865,9.467197561493164,748.4165994089525,652.9212215365745,806.81029134735,662.6586103961985,37.51317684933171
81,1,777.5041551246537,656.4875346260387,10.765094446242236,748.032118396,650.8840490085963,806.9761918533075,662.0910202434811,28.859433404860226
82,1,777.008875739645,652.0118343195267,15.259559773283483,748.8383677656188,644.3266225146815,805.1793837136711,659.6970461243718,16.308161018178723
83,1,777.3274111675127,655.5253807106599,10.332555595502257,747.4203993558627,650.0727992580053,807.2344229791626,660.9779621633145,14.036745779364486
84,1,728.0181818181818,724.275935828877,-0.21571050926897686,704.8183462382484,724.3632803424726,751.2180173981152,724.1885913152813,11.663464162248104
85,1,740.3941176470588,734.2294117647059,2.8109673499120946,710.8297333024831,732.7777994451769,769.9585019916345,735.6810240842349,3.1943697771008916
86,1,720.4968036529681,714.0958904109589,-0.47353589991541156,696.897609662336,714.2909365401484,744.0959976436002,713.9008442817693,8.58972964487753
87,1,719.571641051066,716.3356470004958,-0.28981350687316937,689.5720248310429,716.4873923507672,749.571257271089,716.1839016502244,7.108420818288734
88,1,716.598717948718,706.0570512820512,-0.769330880822598,693.0008453849337,706.3739273830655,740.1965905125023,705.740175181037,4.3933162650841995
89,1,715.1493796526055,703.6521091811414,-0.7719765694025242,689.5517032793847,703.9970211870964,740.7470560258263,703.3071971751865,3.743407492184854
90,1,715.6433706070287,711.3482428115016,-0.9153084869401119,689.6466882055577,711.7635789609592,741.6400530084998,710.9329066620439,2.6235015262002905
91,1,714.5884194053208,706.1885758998435,-0.6952601270880089,689.3902747072584,706.4943597704341,739.7865641033832,705.8827920292529,2.243598101819624
92,1,719.4006734006734,710.8686868686868,31.272066458730407,699.2294699432941,698.6178684845539,739.5718768580527,723.1195052528197,22.895953792608736
93,1,741.1540785498489,734.1933534743202,-129.55844836212714,753.3818872418235,748.9960793919502,728.9262698578743,719.3906275566903,46.64035726406048
94,1,749.1809744779582,734.0881670533643,-114.1365749382297,756.70497529106,750.879516366759,741.6569736648564,717.2968177399695,14.051747733415306
95,0,,,,,,,,
96,1,745.8785425101214,722.7004048582996,20.922381489042834,734.296135887111,718.2723288856854,757.4609491331319,727.1284808309139,1.454107131045323
97,1,751.4084084084084,736.8731231231232,-0.5757762604106883,733.4093172770077,737.0540055256298,769.407499539809,736.6922407206165,2.2571729297937972
98,1,747.0280373831775,717.7196261682243,15.011245177268515,721.5289371067588,710.8817986555458,772.5271376595963,724.5574536809028,25.854767744478185
99,0,,,,,,,,
100,0,,,,,,,,
101,0,,,,,,,,
102,0,,,,,,,,
103,1,765.1090909090909,614.0136363636364,-111.28427448349382,772.0786045651516,631.9040214740241,758.1395772530302,596.1232512532486,2.123626133186607
104,0,,,,,,,,
105,0,,,,,,,,
106,1,798.7658536585366,506.3219512195122,-57.09524830910814,792.0296270667357,516.7326789224114,805.5020802503375,495.9112235166129,24.839541409633945
107,1,842.5394736842105,585.7450657894736,-45.70400011789387,829.9688979696106,598.628412645144,855.1100493988105,572.8617189338033,6.56427458175751
108,1,856.5417348608838,597.1636661211129,-70.25901047972832,849.5161458572858,616.7412323424929,863.5673238644819,577.5860998997329,7.399581172546338
109,1,854.9936305732484,616.875796178344,-91.88887957699814,855.8769906388093,643.6612339196722,854.1102705076876,590.0903584370158,5.782929147805621
110,0,,,,,,,,
111,0,,,,,,,,
112,0,,,,,,,,
113,1,897.0819672131148,685.2786885245902,-0.35052884806538276,871.8824388105744,685.4328582024165,922.2814956156552,685.1245188467639,39.576536411599996
114,0,,,,,,,,
115,0,,,,,,,,
116,0,,,,,,,,
117,1,885.7951807228916,737.3333333333334,7.780961352948633,852.50453987745,732.7843518979104,919.0858215683331,741.8823147687564,132.92261327534263
118,1,881.2352941176471,751.2352941176471,-4.35005442174463,856.9055844052954,753.0860305420738,905.5650038299988,749.3845576932204,10.50080595480147
119,1,874.3275362318841,741.4260869565218,16.857749917626318,837.9604840657913,730.4062177763233,910.6945883979769,752.4459561367203,81.03115781129921
120,1,874.5948905109489,761.2007299270073,15.33486331315575,842.9626794549467,752.5264447282983,906.227101566951,769.8750151257162,31.543464435019857
121,1,878.9881818181818,793.9918181818182,-2.050969289197494,859.000994105678,794.7075886374364,898.9753695306856,793.2760477262,4.0164682262346565
122,1,877.8809349890431,791.5931336742148,2.312986310654806,853.1011402081579,790.5922487571484,902.6607297699284,792.5940185912812,5.47633486288608
123,1,875.460729746444,793.6122448979592,1.0112015544622643,849.064841175972,793.1463408571677,901.8566183169161,794.0781489387506,6.399163644049438
124,1,871.0880952380952,789.4517857142857,-0.666300257425075,841.8900696722665,789.791348752928,900.286120803924,789.1122226756435,8.705781825361473
125,1,853.6965098634295,784.9301972685888,3.0528891533957037,816.1498718395626,782.9277055445821,891.2431478872963,786.9326889925956,21.85610127657785
126,1,851.6823979591836,782.8711734693877,3.8028239473295913,813.3669470551249,780.3243672304554,889.9978488632423,785.41797970832,23.96886563743052
127,1,851.0099857346647,775.7617689015692,2.185824920552652,815.8355978515641,774.4192201876733,886.1843736177653,777.1043176154651,24.337546731963382
128,1,850.6712328767123,782.4458281444582,1.947412027011997,812.6931802334103,781.1545042414101,888.6492855200144,783.7371520475064,31.004994597863867
129,1,850.4091503267974,773.9019607843137,0.7962681828445861,815.6125109182517,773.4183432994765,885.2057897353432,774.3855782691509,26.380488415547667
130,1,850.4137426900585,769.766081871345,-1.0036618111274365,815.6190817854167,770.3756493663752,885.2084035947003,769.1565143763148,19.433246606884197
131,1,853.5649122807017,765.9719298245614,8.475816216204823,829.4314050878968,762.3755663036092,877.6984194735066,769.5682933455136,12.188706005262304
132,0,,,,,,,,
133,0,,,,,,,,
134,0,,,,,,,,
135,1,851.1049957662998,726.1651143099068,3.2168142450019523,827.9415510878067,724.8632577024456,874.2684404447929,727.466970917368,5.666302888399942
136,0,,,,,,,,
137,1,845.0993377483444,720.5562913907285,9.601044088114595,826.5626693874973,717.4207011624031,863.6360061091915,723.6918816190538,6.273870346952953
138,0,,,,,,,,
139,0,,,,,,,,
140,1,846.5408805031446,728.5932914046122,2.6053609442852594,834.5532846514,728.0478139117376,858.5284763548893,729.1387688974867,2.1673541436306967
141,1,1154.8630952380952,115.61309523809524,-86.36640290825844,1154.2293379232547,125.59299261561803,1155.4968525529357,105.63319786057245,3.846131259672496
142,0,,,,,,,,
143,0,,,,,,,,
144,0,,,,,,,,
145,0,,,,,,,,
146,0,,,,,,,,
147,0,,,,,,,,
148,0,,,,,,,,
149,0,,,,,,,,
150,0,,,,,,,,
151,1,1179.1666666666667,147.67543859649123,-90.75864821704837,1179.283183263366,156.47466719237926,1179.0501500699675,138.8762100006032,6.708375375520935
152,0,,,,,,,,
153,1,1178.4224137931035,147.52586206896552,-87.78024759187947,1178.0815695772958,156.31925875173553,1178.7632580089112,138.7324653861955,8.13481720635219
154,1,1178.3418803418804,147.56410256410257,-87.15605855458442,1177.9052616305207,156.35326430461518,1178.77849905324,138.77494082358996,8.05425272957979
155,1,1178.2711864406779,147.5593220338983,-87.28234340431146,1177.853940846242,156.34942477015366,1178.6884320351137,138.76921929764293,8.173925515371929
156,0,,,,,,,,
157,0,,,,,,,,
158,1,1180.3970588235295,114.41911764705883,-27.93887730856361,1173.6828546394777,117.97994089103796,1187.1112630075813,110.8582944030797,2.7721698942336532
159,1,1182.1387283236995,115.76300578034682,-52.66491953025755,1177.286925676018,122.12382420787257,1186.990530971381,109.40218735282106,1.607759353965526
160,1,1184.7586206896551,116.77011494252874,-51.63630363547232,1180.0416723800597,122.72917515741207,1189.4755689992505,110.8110547276454,1.3074853108821736
161,0,,,,,,,,
162,0,,,,,,,,
163,0,,,,,,,,
164,0,,,,,,,,
165,0,,,,,,,,
166,0,,,,,,,,
167,1,791.6136783733826,834.7541589648798,-2.9485524960137193,762.4523354912261,836.2561847001115,820.7750212555392,833.2521332296482,7.318802236669178
168,1,789.3711151736746,834.8848263254114,-6.109323348171751,759.1437677375169,838.1201728252172,819.5984626098324,831.6494798256056,8.323436347642902
169,0,,,,,,,,
170,1,1200.0721649484535,124.31443298969072,-86.23526439104808,1199.3105117173131,135.8894009963633,1200.833818179594,112.73946498301814,1.7807203352707872
171,0,,,,,,,,
172,0,,,,,,,,
173,0,,,,,,,,
174,0,,,,,,,,
175,0,,,,,,,,
176,0,,,,,,,,
177,0,,,,,,,,
178,0,,,,,,,,
179,0,,,,,,,,
180,0,,,,,,,,
181,0,,,,,,,,
182,1,781.3833671399594,774.8296146044624,7.543076566081423,764.3322082353186,772.571743924222,798.4345260446003,777.0874852847029,5.302136771520971
183,1,781.501066098081,773.319829424307,16.070638221441733,765.3575909363249,768.6692155184057,797.6445412598371,777.9704433302084,4.833352602383706
184,1,781.759009009009,775.8671171171171,15.894883279463867,766.7554629772874,771.5946931594542,796.7625550407306,780.13954107478,4.4051895865112245
185,0,,,,,,,,
186,0,,,,,,,,
187,0,,,,,,,,
188,0,,,,,,,,
189,0,,,,,,,,
190,0,,,,,,,,
191,0,,,,,,,,
192,0,,,,,,,,
193,0,,,,,,,,
194,0,,,,,,,,
195,0,,,,,,,,
196,0,,,,,,,,
197,0,,,,,,,,
198,0,,,,,,,,
199,0,,,,,,,,
200,0,,,,,,,,
201,0,,,,,,,,
202,0,,,,,,,,
203,0,,,,,,,,
204,0,,,,,,,,
205,0,,,,,,,,
206,0,,,,,,,,
207,0,,,,,,,,
208,0,,,,,,,,
209,0,,,,,,,,
210,0,,,,,,,,
211,0,,,,,,,,
212,0,,,,,,,,
213,0,,,,,,,,
214,0,,,,,,,,
215,0,,,,,,,,
216,0,,,,,,,,
217,1,1170.8116591928251,147.8744394618834,-89.7298283571489,1170.7343271701059,164.27425713642668,1170.8889912155444,131.47462178734014,22.149271026135555
218,1,1170.219298245614,147.7719298245614,-90.44033382793214,1170.3514836761954,164.97142188136186,1170.0871128150327,130.57243776776093,22.755274407017954
219,0,,,,,,,,
220,0,,,,,,,,
221,0,,,,,,,,
222,0,,,,,,,,
223,0,,,,,,,,
224,0,,,,,,,,
225,0,,,,,,,,
226,0,,,,,,,,
227,0,,,,,,,,
228,0,,,,,,,,
229,0,,,,,,,,
230,0,,,,,,,,
231,0,,,,,,,,
232,1,494.3876221498371,823.4397394136807,-17.28084929873037,461.5404332795953,833.6584567168778,527.234811020079,813.2210221104837,19.481855719284162
233,1,491.3229166666667,828.1171875,-23.66959661490627,459.45044043963225,842.0880593109188,523.1953928937011,814.1463156890812,8.256375488888265
234,1,468.89841565703637,781.9925442684064,-4.788726176184698,450.56264444763644,783.5286087711345,487.2341868664363,780.4564797656783,2.2813938446991404
235,1,466.19820554649266,783.4453507340946,-12.256945026313788,447.4358622414822,787.5214363201599,484.9605488515031,779.3692651480294,2.0707373429256033
236,1,464.4485049833887,786.9215946843854,-9.308765979699993,443.92242059425604,790.2860945952494,484.9745893725214,783.5570947735213,2.163871727696921
237,1,459.84411164057184,785.7950987066031,-8.982573039627924,439.6942997767726,788.9802332176553,479.9939235043711,782.6099641955509,2.295771340563683
238,1,457.16048448145347,787.2967448902347,-10.810746426691532,438.69414522493724,790.8229772228027,475.6268237379697,783.7705125576666,1.9165003010532198
239,1,454.498997995992,787.7889111556447,-6.991805353687364,434.6477265624544,790.2234588491626,474.3502694295296,785.3543634621267,2.1149048325100037
240,1,459.6630740393627,787.8247422680413,-37.76331164592272,443.852127745177,800.0727615888285,475.4740203335484,775.5767229472541,1.0699651913249841
241,1,450.70989761092153,788.980204778157,-11.000579820397288,432.6479929657809,792.4912730756764,468.7718022560622,785.4691364806376,1.4569658232850147
242,1,447.0948795180723,787.3569277108434,-5.310488763875047,429.1721396253036,789.0228793116287,465.01761941084095,785.690976110058,1.787499370279047
243,1,443.8988941548183,789.3601895734597,-7.754356281792618,426.8561771191309,791.6809213635402,460.94161119050574,787.0394577833792,1.6441049738960205
244,1,441.9877650897227,791.0187601957585,-4.683937462406235,424.4465434817218,792.4559604250245,459.5289866977236,789.5815599664926,2.006670622512745
245,1,441.1804008908686,792.3615441722346,-4.466082748244513,423.23505601329975,793.7631850767153,459.12574576843747,790.9599032677539,1.766758059610177
246,1,439.75795190069823,793.8502715283165,-4.055143771239833,422.20201434890765,795.0948825830757,457.3138894524888,792.6056604735574,1.7750434169618226
247,1,438.02941176470586,796.1202422145328,-1.8847344263314139,421.2385003269587,796.6727755526495,454.82032320245304,795.5677088764162,1.8648002898354026
248,1,434.85871743486973,798.9719438877755,-2.02076897854405,419.2684189072465,799.522027353795,450.449015962493,798.421860421756,1.9251034358676211
249,1,432.3880597014925,801.8221393034826,0.1872114954528796,418.38813443535247,801.7763949869739,446.3879849676326,801.8678836199913,1.970230209511043
250,1,429.854114713217,808.5049875311721,0.9112541759910394,415.4559359111141,808.2759740322771,444.2522935153198,808.7340010300671,2.3240260164083133
251,0,,,,,,,,
252,0,,,,,,,,
253,0,,,,,,,,
254,0,,,,,,,,
255,1,448.95081967213116,826.5573770491803,-72.83676060897461,443.8751841468203,842.9914247555186,454.02645519744203,810.1233293428421,1.4619834449172744
256,0,,,,,,,,
257,0,,,,,,,,
258,0,,,,,,,,
259,0,,,,,,,,
260,0,,,,,,,,
261,0,,,,,,,,
262,0,,,,,,,,
263,0,,,,,,,,
264,0,,,,,,,,
265,0,,,,,,,,
266,0,,,,,,,,
267,0,,,,,,,,
268,1,967.7313915857605,149.2168284789644,-92.04039002829418,968.3865051401583,167.60516245001367,967.0762780313628,130.82849450791514,6.604851997963098
269,1,543.0710382513661,709.8979963570127,-32.608109163149294,525.2126641791822,721.3224646377666,560.92941232355,698.4735280762588,6.033335834086188
270,1,539.3281553398058,712.7922330097088,-24.91744330614317,519.3760079422085,722.0610956273417,559.2803027374031,703.5233703920758,9.337006637523418
271,1,967.9519230769231,147.9647435897436,-97.93539833457002,970.4369396059607,165.79238204385214,965.4669065478855,130.13710513563504,5.2923036112435575
272,0,,,,,,,,
273,0,,,,,,,,
274,0,,,,,,,,
275,0,,,,,,,,
276,0,,,,,,,,
277,1,968.1993464052288,149.0392156862745,-92.92832001221313,969.1189048153645,167.01571179453623,967.279787995093,131.06271957801277,5.719009666087363
278,1,968.6166666666667,149.0,-93.6747214373055,969.744686349864,166.5638142666768,967.4886469834694,131.4361857333232,5.701334782262973
279,1,968.6166666666667,148.99666666666667,-93.6607010107096,969.7403884050009,166.5607564368425,967.4929449283325,131.43257689649084,5.676993574712357
280,1,968.5791245791246,149.0909090909091,-93.82166068251706,969.7521841983331,166.6517727123197,967.4060649599161,131.53004546949848,5.919221940292775
281,1,968.5627118644068,149.15254237288136,-93.88079288313543,969.7538945729726,166.71218598415132,967.3715291558409,131.5928987616114,6.084895241861237
282,1,968.2047781569966,148.52559726962457,-94.7999791977293,969.677501832057,166.063872127116,966.7320544819361,130.98732241213312,6.632354079052156
283,0,,,,,,,,
284,0,,,,,,,,
285,0,,,,,,,,
286,0,,,,,,,,
287,1,968.8196721311475,147.60245901639345,-95.24794099824001,970.3197117923465,163.93371374512847,967.3196324699485,131.27120428765843,11.207744632940525
288,1,968.8196721311475,147.60245901639345,-95.24794099824001,970.3197117923465,163.93371374512847,967.3196324699485,131.27120428765843,11.207744632940525
289,1,969.0041152263375,147.72016460905348,-95.00299066841981,970.4692052753775,164.45615908647264,967.5390251772975,130.98417013163433,11.984194510645228
290,1,969.0901639344262,147.74180327868854,-95.15264343792528,970.5989622418781,164.4739139544948,967.5813656269743,131.00969260288227,12.110317437586847
291,1,968.9959349593496,147.65447154471545,-95.6407961431703,970.6472322225702,164.3731203342702,967.344637696129,130.9358227551607,11.406360306388489
292,1,499.6005361930295,818.544235924933,-3.819457274723166,485.23251996720575,819.5034594309341,513.9685524188533,817.5850124189319,1.9811106324475998
293,1,500.86225895316807,820.1101928374655,-8.068996680207462,486.20878256673166,822.1876022319159,515.5157353396045,818.0327834430152,2.1677450808756915
294,1,504.34823529411767,819.6729411764705,-116.52951176250626,511.852101695797,834.7039753732831,496.84436889243835,804.641906979658,1.9796858891925255
295,1,966.4132231404959,146.38842975206612,-99.55136636956632,968.8690131376165,160.98326087442044,963.9574331433753,131.7935986297118,5.031106340104218
296,1,967.5131086142322,147.02621722846442,-97.02309802356578,969.4694200563824,162.90616828447565,965.556797172082,131.14626617245318,5.640718305004449
297,1,969.3849056603774,148.04150943396226,-93.02081105734467,970.2702434251022,164.81816515083122,968.4995678956526,131.2648537170933,10.083973048615423
298,1,969.5653594771242,149.1013071895425,-93.90780615543517,970.71029993359,165.86224723928757,968.4204190206583,132.34036713979742,8.478987027819823
299,1,966.4076655052265,148.14982578397212,-95.36665337246593,967.8293043587383,163.283197614803,964.9860266517147,133.01645395314125,4.2005961254664275
300,1,964.2164179104477,148.0634328358209,-98.14514652825862,966.1999558691641,161.92220540651888,962.2328799517313,134.2046602651229,3.178473860891985
301,1,963.3540856031128,147.8988326848249,-97.4942001700962,965.0757065779515,160.9860791950346,961.6324646282742,134.8115861746152,2.6395146636198175
302,1,962.0675675675676,148.32432432432432,-89.38030005352357,961.9377804447682,160.32362244141248,962.197354690367,136.32502620723616,3.073751524064897
303,1,963.1422594142259,148.77824267782427,-94.02610132778042,964.0128747092884,161.1476415721927,962.2716441191634,136.40884378345584,3.674457089569308
304,1,962.8836206896551,148.875,-92.97449462870206,963.5063175908437,160.85883279962007,962.2609237884666,136.89116720037993,3.5717098492638235
305,1,963.2487804878049,147.22439024390243,-107.72799182143217,966.659163092682,157.89253396661033,959.8383978829278,136.55624652119454,2.727925295724572
306,1,961.445054945055,146.83516483516485,-119.42808476008696,966.3583623333877,155.54489562938315,956.5317475567222,138.12543404094654,2.0124748874701
307,1,960.202380952381,146.45833333333334,37.580122702939185,952.2773682539399,140.35963070658167,968.127393650822,152.55703596008502,1.5514350853579146
308,1,959.780487804878,146.46341463414635,26.260918340332,950.8126033820853,142.0388187227177,968.7483722276708,150.88801054557499,1.619792280172331
309,1,959.268156424581,147.1731843575419,7.652758860569846,948.9607857274275,145.78822612298686,969.5755271217345,148.55814259209697,1.5255174898877057
310,1,958.5214285714286,146.27142857142857,8.495081822125515,949.0267545159933,144.85327322696065,968.0161026268639,147.6895839158965,1.8023236292968796
311,1,957.7559055118111,146.77165354330708,7.134200521989089,948.6271320780114,145.6290706822623,966.8846789456107,147.91423640435187,1.7667041697179653
312,0,,,,,,,,
313,0,,,,,,,,
314,1,957.1792452830189,147.9245283018868,-0.6781712722366994,948.7798336898865,148.0239510817326,965.5786568761513,147.82510552204099,2.476265704496675
315,0,,,,,,,,
316,0,,,,,,,,
317,0,,,,,,,,
318,0,,,,,,,,
319,0,,,,,,,,
320,0,,,,,,,,
321,0,,,,,,,,
322,0,,,,,,,,
323,0,,,,,,,,
324,0,,,,,,,,
325,0,,,,,,,,
326,0,,,,,,,,
327,1,993.905325443787,135.37869822485206,-24.569069784354358,985.9020712915452,139.03764930058745,1001.9085795960287,131.71974714911667,3.2317070733287947
328,1,983.6835443037975,144.52658227848102,-102.68076183792884,986.4933828630845,157.01436860235538,980.8737057445104,132.03879595460666,2.0734920144150513
329,1,977.7239436619718,146.49295774647888,-98.50694714635132,979.7357825334796,159.94332965044833,975.7121047904641,133.04258584250942,3.8136732678212497
330,1,981.4811529933481,144.15742793791574,-98.97087631743553,983.9760713736545,159.96171160645352,978.9862346130418,128.35314426937796,3.6497442058070892
331,1,981.9425287356322,146.9655172413793,-98.39366714318669,984.1029392616197,161.6069866471187,979.7821182096448,132.3240478356399,3.994167873777465
332,0,,,,,,,,
333,0,,,,,,,,
334,0,,,,,,,,
335,1,974.3065134099617,150.360153256705,-90.98121297158963,974.4983084813189,161.558510933195,974.1147183386045,139.16179558021497,2.727461192763097
336,1,974.9020979020979,149.56993006993008,-97.34867456567468,976.385821516704,161.07464928577625,973.4183742874918,138.06521085408392,2.398260385906973
337,1,975.8862559241707,149.1042654028436,-94.24578768050307,976.626607657311,159.07682171059318,975.1459041910304,139.131709095094,2.4895154733971268
338,1,974.8009708737864,148.55825242718447,-91.66113479764321,975.0908529750327,158.55404996251787,974.51108877254,138.56245489185108,2.832250508786107
339,1,976.6430678466077,147.56637168141594,-110.3115488330476,981.6416633863338,161.07096507145292,971.6444723068815,134.06177829137897,3.622757738375101
340,1,980.1026615969582,148.70342205323195,-98.67495073800856,982.2142626142187,162.5432609664529,977.9910605796978,134.863583140011,5.422966259187415
341,0,,,,,,,,
342,1,971.7385620915032,144.578431372549,-86.2230971185152,970.97445082931,156.15323737433536,972.5026733536965,133.00362537076265,2.8239732232747548
343,0,,,,,,,,
344,0,,,,,,,,
345,1,973.6066666666667,148.40666666666667,-90.81950276229553,973.7611340312683,159.2055619728206,973.4521993020651,137.60777136051274,12.746265155597952
346,1,973.4590163934427,149.33879781420765,-89.87085663069851,973.4328702823649,160.93876834782864,973.4851625045204,137.73882728058666,6.462327997436886
347,1,973.9957805907173,147.74683544303798,-80.60870876241152,971.8418573278435,160.76991551564947,976.1497038535912,134.7237553704265,4.0109518027735875
348,1,974.0622222222222,147.64444444444445,-86.96161762890941,973.404961150648,160.02701315549118,974.7194832937964,135.26187573339772,3.154928035025427
349,1,974.7794871794872,147.54358974358973,-72.66212417108517,971.4418204135386,158.23470664312285,978.1171539454358,136.85247284405662,3.4615860272227605
350,1,976.7905405405405,146.6216216216216,-81.3621968219877,975.288663717082,156.50819666089373,978.292417363999,136.7350465823495,1.9013201421525898
351,1,974.3218390804598,147.08045977011494,-90.41148950879233,974.4022750727661,158.28017092938782,974.2414030881534,135.88074861084206,3.7042435947960697
352,1,973.7325581395348,147.1918604651163,-94.74867824757412,974.692866665883,158.7520424504582,972.7722496131867,135.6316784797744,4.09543762444396
353,1,972.2923076923076,147.32820512820513,-96.43596137095538,973.7270935227845,160.04753646364344,970.8575218618308,134.60887379276681,6.082774518346164
354,1,971.1304347826087,148.5304347826087,-95.61864381227397,972.3836410227631,161.26893838859155,969.8772285424544,135.79193117662584,6.4443417690248666
355,1,971.8785046728972,148.69158878504672,-94.87388825099832,972.9660290744239,161.44530552473026,970.7909802713705,135.93787204536318,7.127970168101641
356,1,972.4558823529412,148.87254901960785,-93.42111354078519,973.2197123909518,161.6497382125811,971.6920523149306,136.0953598266346,6.851483404519922
357,1,973.328125,149.1875,-89.47773123143541,973.215096726309,161.5869848525794,973.441153273691,136.7880151474206,7.165372496481731
358,1,972.390243902439,149.02926829268293,-90.6945349817645,972.5454007067444,161.82832788181204,972.2350870981336,136.2302087035538,7.654452563033538
359,1,972.3940886699507,149.11330049261085,-90.29927538418245,972.4630364553082,162.31312042331044,972.3251408845933,135.91348056191126,8.461891395053158
360,1,971.9712918660287,149.20095693779905,-89.19578439978122,971.7860199761511,162.39965665886328,972.1565637559062,136.00225721673482,8.940447563827297
361,1,970.5076142131979,148.31472081218274,-90.09047891163816,970.5297223727732,162.31470335607472,970.4855060536227,134.31473826829077,14.74198955376811
362,1,971.0515463917526,148.29896907216494,-92.00806285681485,971.5421082681743,162.29037175543445,970.5609845153309,134.30756638889542,16.53557063296553
363,1,970.5294117647059,148.2892156862745,-92.79039217788812,971.2304366136458,162.67214181975544,969.8283869157659,133.90628955279357,18.269910702452727
364,1,971.4466019417475,148.30582524271844,-90.32925848522122,971.5293531693483,162.70558747111411,971.3638507141468,133.90606301432277,16.577196093454496
365,1,971.6682926829268,148.3560975609756,-89.45998510345882,971.5325741457467,162.755457980059,971.8040112201069,133.9567371418922,16.72416175278989
366,1,970.5803571428571,147.88839285714286,-91.82304626523816,971.0511864534633,162.68090176402794,970.1095278322509,133.0958839502578,11.834173048347964
367,1,970.5803571428571,147.88839285714286,-91.82304626523816,971.0511864534633,162.68090176402794,970.1095278322509,133.0958839502578,11.834173048347964
368,1,971.0568720379147,148.33175355450237,-89.97759844877608,971.0510855218312,163.13175242329393,971.0626585539982,133.5317546857108,18.471099956935042
369,1,970.8428571428572,148.3190476190476,-89.60182556070916,970.7400060372752,163.11869023804624,970.9457082484391,133.51940500004898,18.23362737358796
370,1,971.0934579439253,148.26168224299064,-90.08055722923528,971.1148289679581,163.46166721927702,971.0720869198924,133.06169726670427,15.268583758898147
371,1,970.4977168949772,148.23744292237444,-89.76132610366214,970.4327330157748,163.83730757228227,970.5627007741796,132.6375782724666,16.568708837971357
372,1,970.5135135135135,147.77027027027026,-91.00301986953069,970.7795911103013,162.9679412336938,970.2474359167257,132.5725993068467,10.937412145686512
373,1,970.2388059701492,148.84328358208955,-91.13961104492897,970.5490689648252,164.44019792032117,969.9285429754732,133.24636924385794,8.010337375894936
374,1,970.1881918819188,148.77859778597787,-91.91525211291292,970.7095630768855,164.36988291829005,969.6668206869521,133.18731265366569,7.828448158072155
375,1,970.0212765957447,147.68510638297872,-92.77183597748558,970.7756738108374,163.26685483563512,969.266879380652,132.10335793032232,10.450781867321622
376,1,970.4439461883408,148.03587443946188,-91.66595762570898,970.8974748308208,163.6292804744002,969.9904175458607,132.44246840452357,13.086996915406031
377,1,970.3648648648649,148.01351351351352,-91.4707138520707,970.7652541584621,163.60837447517562,969.9644755712677,132.4186525518514,12.994944992660324
378,1,970.2825112107623,147.97757847533632,-90.91360821607742,970.5312500243319,163.575595304492,970.0337723971927,132.37956164618063,13.17628942314723
379,1,970.2825112107623,147.97757847533632,-90.91360821607742,970.5312500243319,163.575595304492,970.0337723971927,132.37956164618063,13.17628942314723
380,1,970.4027149321267,148.07692307692307,-90.25170408569585,970.4712465262576,163.67677254480594,970.3341833379959,132.4770736090402,14.668098964582978
381,1,969.7,147.47916666666666,-92.7993000061266,970.4618660480047,163.0605517182241,968.9381339519954,131.8977816151092,10.255918330549077
382,1,699.5756756756757,823.497972972973,-20.064237531049567,684.5467385205739,828.9871485019571,714.6046128307776,818.0087974439889,1.13201554737545
383,1,969.4586776859504,147.38016528925618,-93.7014115406877,970.4657652154244,162.94762412838526,968.4515901564764,131.8127064501271,9.87679473125666
384,1,969.5230125523012,147.47280334728035,-93.10241845351958,970.3672995461819,163.04993978091164,968.6787255584205,131.89566691364905,10.497310398928462
385,1,970.0933333333334,147.78222222222223,-92.48051083978962,970.7511826237765,162.9679798362191,969.4354840428903,132.59646460822538,12.727742466463734
386,1,970.3198198198198,147.82882882882882,-92.11434640725449,970.8806075775984,163.01848047364035,969.7590320620412,132.63917718401729,12.514086609739627
387,1,969.9928315412186,148.3799283154122,-94.82642059744107,971.2717191639379,163.52603165747533,968.7139439184994,133.23382497334907,7.315248942644006
388,1,971.2846153846153,148.4653846153846,-94.82423417609404,972.4956455724154,162.8143708473188,970.0735851968153,134.11639838345042,6.379399938396008
389,1,972.2640692640692,149.12121212121212,-91.29678374845676,972.58090625736,163.11762645916605,971.9472322707785,135.1247977832582,7.627706540105754
390,1,972.9144144144144,149.15765765765767,-90.9782855745954,973.1466136702834,162.7556752891205,972.6822151585454,135.55964002619484,7.181527138605986
391,1,972.7719298245614,149.0438596491228,-90.77719070562925,972.9564018669163,162.64260849104164,972.5874577822066,135.44511080720395,6.705757304587832
392,1,972.7086956521739,149.0304347826087,-90.56761116683947,972.8434243471439,162.62976741986526,972.5739669572039,135.43110214535213,6.885525114145067
393,1,656.8891170431211,852.7392197125257,-103.1377962829171,662.1623322842654,875.3319884897377,651.6159018019769,830.1464509353137,5.2208990970962175
394,1,650.291770573566,853.3241895261846,-107.30861876851368,657.0751921787144,875.0917155989106,643.5083489684177,831.5566634534586,4.475618586861052
395,1,651.1368078175896,853.2377850162867,-118.24878305010974,662.685351172061,874.7317643218944,639.5882644631181,831.743805710679,2.486663320724726
396,1,644.8007590132827,851.1442125237191,-114.2778466245317,653.5173920220567,870.4693337132577,636.0841260045087,831.8190913341806,1.8987503785820117
397,1,642.2982791586998,850.65965583174,-114.36485157710193,651.0442477451419,869.9715183386285,633.5523105722576,831.3477933248515,1.8205244136172491
398,1,641.0584795321638,851.0838206627681,-116.15344087475238,650.5792537886456,870.47234452502,631.537705275682,831.6952968005161,1.8017357449672848
399,1,640.41015625,850.87109375,-118.02889509269286,650.560358835037,869.9376452862036,630.259953664963,831.8045422137964,1.8085542738035265
400,1,639.9367588932806,850.8754940711462,-115.66939787001331,649.1201272012478,869.9832345581904,630.7533905853135,831.7677535841021,1.7907488548153685
401,1,640.2557692307693,851.2923076923076,-123.48464173016465,651.7314087912947,868.64020948696,628.7801296702438,833.9444058976553,1.8008996947285711
402,1,640.349173553719,850.9152892561983,-127.80973151550926,653.1004315591218,867.3483479879028,627.5979155483161,834.4822305244938,1.6726795881814434
403,1,641.4764957264957,850.9294871794872,37.68126537835519,625.0148880021304,838.2151066940245,657.938103450861,863.6438676649499,1.770878938465754
404,1,642.4337078651686,850.7528089887641,31.380287134897944,624.676123815046,839.9219175802588,660.1912919152911,861.5837003972694,1.8678389012894168
405,1,643.0023148148148,850.7962962962963,33.593414116389205,626.0094239769256,839.5090618710004,659.9952056527039,862.0835307215922,1.829478721308318
406,1,645.8560975609756,853.0365853658536,23.077634187738695,625.6166568273284,844.4130687520134,666.0955382946229,861.6601019796939,2.1037103523105207
407,1,647.1006711409395,853.2975391498882,29.262254606988595,627.5591020063562,842.348243475814,666.6422402755229,864.2468348239623,2.32915338993051
408,1,647.6579572446556,854.3277909738717,26.76706434254137,626.9439566908517,843.8793374492101,668.3719577984594,864.7762444985334,2.6022383609477786
409,1,648.1924119241193,854.5745257452575,22.006008943000325,626.6826580790674,845.8813968767039,669.7021657691711,863.267654613811,2.5560155525017114
410,1,649.6470588235294,855.2026143790849,7.163457301540553,629.4062923320175,852.6587252627726,669.8878253150413,857.7465034953973,2.88371573131859
411,1,653.2657894736842,862.2868421052632,14.469965046799084,629.2524762564716,856.0900051433898,677.2791026908968,868.4836790671366,4.952965313211665
412,1,653.8981233243968,864.372654155496,14.672032094936279,631.0676838084194,858.3951102194554,676.7285628403743,870.3501980915365,5.811040166948333
413,1,653.2559456398641,879.0645526613816,-0.927960544638599,633.658516215221,879.381979733527,672.8533750645072,878.7471255892362,6.448470986863435
414,1,654.8153846153846,883.3384615384615,-0.921944829938059,638.017559491466,883.6087782161801,671.6132097393031,883.0681448607429,5.056984780047864
415,1,668.2634560906515,895.2577903682719,-50.219149263816846,660.5852214132353,904.4797593683567,675.9416907680677,886.0358213681872,1.3541212394503537
416,1,668.5802469135803,895.841975308642,-9.543714243081027,653.9850879388434,898.2958160740866,683.1754058883171,893.3881345431973,1.9102690179168547
417,1,668.0315342631898,913.0588235294117,-1.4231066692386618,643.639060314008,913.6648059041468,692.4240082123715,912.4528411546767,3.9910853788785845
418,1,665.8268506900878,898.8607277289836,-3.01456979147309,641.8600620361702,900.1228852541966,689.7936393440053,897.5985702037707,2.1408770783367927
419,1,661.3393665158371,905.8853695324284,15.737115770678646,635.1589244740555,898.5080763637304,687.5198085576187,913.2626627011264,4.076031652652416
420,1,657.7927461139897,892.0569948186528,-14.560333741303614,633.7892366061476,898.291698605276,681.7962556218317,885.8222910320296,3.7904119912808376
421,1,651.0160550458716,900.394495412844,10.379058551904107,634.0974920348661,897.2957495951556,667.934618056877,903.4932412305324,1.661489854544644
422,1,653.1709796672828,913.3091497227357,-11.345371123563933,629.639959199488,918.0304923013061,676.7020001350777,908.5878071441653,2.409446749272138
423,1,644.8393524283936,894.7247820672478,3.726728412014777,602.1298570753231,891.9428750439903,687.548847781464,897.5066890905053,7.232384587720194
424,1,697.4205933682374,963.5450843513671,-18.4494612576379,676.5513236202719,970.507381399515,718.2898631162029,956.5827873032192,1.6624427908504948
425,1,693.4825119236884,960.2670906200318,-8.107381552618614,671.7023909928336,963.369723733588,715.2626328545433,957.1644575064756,2.5919438838050812
426,1,689.4340931615461,960.7333994053519,-6.331325968017089,667.5682753279126,963.1595095566752,711.2999109951796,958.3072892540285,3.2498932133425664
427,0,,,,,,,,
428,0,,,,,,,,
429,1,606.8478260869565,771.5271739130435,-21.716742907135856,593.0982637105691,777.0034440358398,620.5973884633439,766.0509037902472,20.73888100173615
430,1,619.1581196581196,743.2863247863248,-23.158690580476772,605.1829489323301,749.264167472866,633.1332903839092,737.3084820997836,19.26083986343402
431,1,632.3103448275862,712.3448275862069,-24.00835941999363,619.8869337956901,717.8782585591713,644.7337558594822,706.8113966132424,23.120495557613708
432,0,,,,,,,,
433,1,715.1314685314685,751.8636363636364,0.08845380487724752,689.1314995150087,751.823497316174,741.1314375479283,751.9037754110988,8.015070411039597
434,1,718.0229555236729,755.019368723099,1.0462883272546493,691.6273572127105,754.537300464112,744.4185538346352,755.5014369820859,8.251120425007139
435,1,713.8186095138526,764.8849973863042,0.11050220150462758,684.6186638200404,764.8286815056052,743.0185552076648,764.9413132670032,7.4068560819984555
436,1,644.2402234636871,923.8463687150838,-4.591931908715536,627.4941487460216,925.1913525627047,660.9862981813527,922.501384867463,8.53264017750097
437,1,644.9452554744526,923.7226277372263,-9.559450009686469,631.9285530832942,925.9147634218981,657.9619578656109,921.5304920525545,4.2924328889601755
438,0,,,,,,,,
439,1,698.6205035971223,842.5197841726618,-72.8200742010315,693.421932818189,859.3345057539555,703.8190743760555,825.7050625913682,1.467090002923997
440,1,695.2146341463415,843.1170731707317,-87.78561377279384,694.5809593050578,859.5048264089131,695.8483089876252,826.7293199325503,1.7473834709484555
441,1,640.1449275362319,933.231884057971,-11.912013182866978,624.0980895831601,936.6169973068676,656.1917654893036,929.8467708090744,5.232694236451773
442,1,668.5243217960711,851.4275023386342,-124.31279570689088,685.2101533394699,875.8762860651373,651.8384902526724,826.9787186121312,1.9875735344738712
443,1,671.3584415584415,860.7137662337663,-101.96303644254807,677.7426843334738,890.8448373098075,664.9741987834093,830.582695157725,2.104449286875891
444,1,667.7306034482758,1002.4310344827586,-3.4357294414973314,650.1622367978658,1003.4857824321589,685.2989700986858,1001.3762865333583,3.9292210723161434
445,1,671.4882121807466,1000.5147347740668,-7.242151715767413,649.2669142980508,1003.3385478713699,693.7095100634424,997.6909216767638,5.931218989650844
446,1,673.2927024859663,1001.85084202085,-7.1699348827113525,648.6866302649214,1004.9461949656244,697.8987747070112,998.7554890760756,6.028401001396129
447,1,692.6363636363636,895.0243506493506,-16.581305758947803,673.0846826071114,900.8460144089968,712.1880446656158,889.2026868897044,1.5671157546934182
448,1,689.5515151515151,896.1454545454545,2.6150629571586426,665.9760919691822,895.0686900522049,713.126938333848,897.2222190387041,1.9406538286997232
449,1,691.23988005997,902.8290854572714,-2.208855782755334,666.0586043868301,903.8003503404693,716.4211557331099,901.8578205740735,2.394033910489157
450,1,692.6811989100818,916.5558583106267,-74.49188882857717,688.0823524991605,933.129651228627,697.2800453210031,899.9820653926264,1.48176252700299
451,1,692.225,924.155,-27.014289334442495,672.9817053011416,933.9659942988917,711.4682946988585,914.3440057011082,1.4839475421671284
452,1,693.3684210526316,930.3421052631579,16.948628712776543,677.2981036600576,925.4446672694787,709.4387384452056,935.2395432568371,1.4362415921967515
453,1,692.1075268817204,932.3569892473118,11.895870252376081,667.8401355187261,927.2448745737869,716.3749182447148,937.4691039208368,2.162601877135822
454,1,719.4511343804537,886.9773123909249,6.225009279589779,695.1950034131739,884.3315401977507,743.7072653477335,889.6230845840992,4.138472307044688
455,1,726.7594936708861,889.9664281783159,9.174929323843328,700.6972518621913,885.756968366758,752.8217354795809,894.1758879898739,3.031791005412834
456,1,720.561320754717,903.1367924528302,-28.605944437781314,697.3838814653086,915.776662230078,743.7387600441255,890.4969226755823,25.810215562790262
457,1,728.0114942528736,891.0114942528736,-17.166571410420474,700.1123330210089,899.6298933245355,755.9106554847383,882.3930951812117,10.050658129175439
458,1,731.2610441767068,905.1686746987951,-38.055399580445,711.1032176389316,920.9491065456416,751.4188707144821,889.3882428519487,40.772749094642904
459,1,734.6142322097378,909.0149812734082,-37.90959191621042,715.6786825463813,923.7609962926113,753.5497818730943,894.2689662542052,33.36514555630829
460,1,740.2918287937744,908.9143968871596,-39.53623900865783,723.6334310893118,922.6642254649986,756.9502264982369,895.1645683093205,27.33420112251341
461,1,744.825,910.4625,-40.33529462162231,731.1041443603881,922.1131703891633,758.545855639612,898.8118296108366,17.823478167322698
462,1,765.6567164179105,896.8432835820895,-51.36172692922462,751.4203620765687,914.6524445692826,779.8930707592523,879.0341225948964,57.78032836132127
463,1,765.1804511278195,900.6315789473684,-54.90848320458585,753.91272255975,916.668981882891,776.448179695889,884.5941760118459,59.47692565206557
464,1,768.3210843373494,893.9120481927711,-91.45720357759647,768.7890010947276,912.3060976084969,767.8531675799711,875.5179987770452,1.538923131663374
465,1,772.0008474576271,896.8177966101695,5.696243367370905,757.2739286768502,895.3488298901917,786.7277662384039,898.2867633301472,1.2749370904946595
466,1,769.959633027523,905.0073394495413,1.9192432973017544,754.3683842513955,904.4848821776973,785.5508818036504,905.5297967213853,1.8462868521154367
467,1,765.3193473193473,903.490675990676,3.732354266890949,752.5464958823097,902.6574496304563,778.092198756385,904.3239023508957,1.3440398493913117
468,1,976.7910447761194,148.72388059701493,-87.85961955899201,976.4773215940307,157.11802008626694,977.1047679582081,140.3297411077629,3.1559126491128975
469,1,977.2910447761194,149.3955223880597,-82.0575133877327,976.1303411599587,157.71494346860558,978.4517483922801,141.07610130751382,3.7400175031251903
470,1,975.9503105590062,149.29192546583852,-83.02563661408863,974.8331985067595,158.42385081938392,977.0674226112529,140.16000011229312,4.223149432166068
471,1,976.3026315789474,149.17763157894737,-82.29205144518738,975.0686938913623,158.2945059217886,977.5365692665325,140.06075723610613,5.00426604404454
472,1,976.472972972973,149.0608108108108,-83.92039034676866,975.498599124391,158.20906723502628,977.447346821555,139.91255438659533,5.223264729444652
473,1,976.884892086331,149.0863309352518,-83.59130020472415,975.8579896989716,158.22883997198977,977.9117944736904,139.94382189851382,5.981861670394905
474,1,976.4620689655172,149.02758620689656,-84.8455367185934,975.599594819031,158.58876491805154,977.3245431120034,139.46640749574158,6.265472838447346
475,1,975.9466666666667,149.15333333333334,-83.41693644017487,974.8002315884735,159.0874003057011,977.09310174486,139.21926636096558,6.950814030111836
476,1,974.4502923976609,148.7953216374269,-86.78890744194219,973.8453325173148,159.57836497143848,975.055252278007,138.01227830341531,7.132622618158136
477,1,974.2865497076024,148.78362573099415,-84.70246000234505,973.2524779468486,159.9357867589569,975.3206214683562,137.63146470303138,7.876373354030781
478,1,973.8324324324325,148.65405405405406,-81.2718742935661,972.0721783685151,160.11972043810965,975.5926864963499,137.18838766999846,8.993553013311798
479,1,972.8617021276596,149.28191489361703,-84.65785912491066,971.7444671483248,161.22979278054535,973.9789371069943,137.3340370066887,7.310276469229133
480,1,973.1294117647059,148.55882352941177,-86.13617475528976,972.3207873170445,160.53154780180043,973.9380362123673,136.5860992570231,10.907582051230909
481,1,973.1612903225806,149.30645161290323,-84.03363348309821,971.9139545705525,161.24144861842078,974.4086260746087,137.3714546073857,6.747249674653874
482,1,972.7553191489362,148.97340425531914,-87.33217740796668,972.1781553823798,161.35996479432973,973.3324829154926,136.58684371630855,8.23073192837791
483,1,972.3451776649746,149.01015228426397,-87.43986096309433,971.7912946095818,161.39777568671485,972.8990607203674,136.62252888181308,7.031451626458862
484,1,972.0327868852459,148.47540983606558,-86.65891177152285,971.2868035528589,161.25365341129145,972.7787702176328,135.6971662608397,13.043411791776819
485,1,971.5989304812834,148.42245989304814,-87.92994272771135,971.1221272683968,161.61384566923485,972.0757336941701,135.23107411686144,14.291449219513554
486,1,971.9508196721312,148.38251366120218,-88.42333741008714,971.5876285284804,161.57751620736238,972.3140108157819,135.18751111504199,14.733764059115911
487,1,971.8797814207651,148.4262295081967,-88.13757800316945,971.4507857503082,161.61925655716198,972.3087770912219,135.23320245923145,14.88528472871907
488,1,971.8186813186813,148.58241758241758,-86.69413719597652,971.0344212405215,162.1597861098534,972.6029413968412,135.00504905498175,16.51230600295866
489,1,971.7431693989071,148.54644808743168,-87.15858365710929,971.0689936596651,162.12972777507036,972.417345138149,134.963168399793,17.08685341040145
490,1,971.2107843137255,148.41176470588235,-85.63231079305787,970.1445898378688,162.37110671543468,972.2769787895822,134.45242269633002,16.069580861499848
491,1,971.495,148.325,-86.15634073657894,970.5565211481312,162.29350949259063,972.4334788518688,134.35649050740935,16.831060099157472
492,1,971.1658536585365,148.17560975609757,-87.47444436823727,970.5489438208425,162.1620110892553,971.7827634962306,134.18920842293986,13.780486792344014
493,1,970.4266055045872,148.0183486238532,-88.11339931455709,969.9525367124105,162.410542993729,970.9006742967639,133.6261542539774,12.628561832639244
494,1,813.2034904013962,912.5797556719023,-78.8469670252476,808.3290501567844,937.3038296141495,818.0779306460079,887.855681729655,1.6893830433941939
495,1,821.1437208024182,911.3220665017863,-88.22974681431432,820.1675389364905,942.9069848800983,822.119902668346,879.7371481234742,2.185380520357839
496,1,968.0663900414938,147.96265560165975,-90.26893309369245,968.1377350523989,163.16248816288947,967.9950450305888,132.76282304043002,9.834418725814215
497,1,968.8942731277533,148.18942731277534,-88.50238693043069,968.4970165257115,163.384235215218,969.2915297297951,132.99461941033266,11.851950799801282
498,1,967.7619047619048,148.4835164835165,-91.90227901436444,968.2797457135578,164.07491926674263,967.2440638102519,132.89211370029037,6.775100002213269
499,1,972.2116182572614,149.59751037344398,-92.9425407090666,972.9713681269837,164.377996838221,971.4518683875391,134.81702390866695,5.912896537017612
500,1,971.1484375,149.4609375,-93.74332892883031,972.1669138563633,165.0276553914352,970.1299611436367,133.8942196085648,6.42909504708284
501,1,969.4851851851852,149.44444444444446,-92.10809648839633,970.0737439662357,165.4336157350789,968.8966264041346,133.45527315381003,6.634688382466836
502,1,969.2409090909091,147.8181818181818,-91.49149251874029,969.6573653363879,163.81276103101519,968.8244528454303,131.82360260534844,11.929321814489226
503,1,975.0055865921788,149.10614525139664,-89.84245973237124,974.973691314423,160.70610140179897,975.0374818699346,137.5061891009943,4.5555314308910235
504,1,835.1530989824237,970.6734505087882,0.11161128931704398,803.9531581788441,970.6126734314196,866.3530397860033,970.7342275861567,3.3803895336462535
505,1,839.0442953020134,968.5610738255034,5.354568304924422,808.7769525974956,965.724180170946,869.3116380065313,971.3979674800607,2.9562613010824577
506,1,853.5234741784037,961.6460093896713,-20.136808421888897,820.0995853513818,973.9017694917165,886.9473630054256,949.3902492876261,1.7350386501717077
507,1,844.9944301628107,960.0818337617824,2.2214360672556057,813.8178774480721,958.8724699517048,876.1709828775492,961.2911975718599,1.7999552905900948
508,1,843.8328032712403,956.9295774647887,9.915891358493697,813.4929059109621,951.6257460036861,874.1727006315185,962.2334089258914,1.9096367402930021
509,1,852.1780633318036,953.3781551170262,-11.707456047895304,819.2770638517921,960.196089790832,885.0790628118151,946.5602204432203,2.6738937006884265
510,1,850.6850321395776,955.103305785124,-4.132711625096055,817.5713587578746,957.495926768459,883.7987055212807,952.7106848017891,2.449767090413324
511,1,970.0477941176471,149.67279411764707,-91.03586314834796,970.3587398054717,166.86998321293888,969.7368484298224,132.47560502235527,6.9152342265175335
512,1,969.7292418772563,149.64259927797835,-90.91389680181393,970.0099589182107,167.24036044077738,969.4485248363019,132.04483811517932,6.667096383637499
513,1,969.5678571428572,149.65357142857144,-90.74259544651326,969.7959597023101,167.25209321940292,969.3397545834042,132.05504963773996,6.725379615422638
514,1,969.2570422535211,149.66197183098592,-90.64649385928185,969.4556266969394,167.26085146063372,969.0584578101029,132.06309220133812,7.099822453974062
515,1,969.2570422535211,149.66197183098592,-90.64649385928185,969.4556266969394,167.26085146063372,969.0584578101029,132.06309220133812,7.099822453974062
516,1,968.0266666666666,149.9,-88.30872255915182,967.4599964579384,169.09163580507249,968.5933368753949,130.70836419492753,8.059527682563509
517,1,969.5666666666667,149.47407407407408,-91.56338240599376,970.0031912212233,165.46811816283628,969.1301421121101,133.4800299853119,6.187555241618975
518,1,969.3196347031964,147.88584474885846,-90.85334158561523,969.5519665905526,163.4841145854178,969.0873028158401,132.2875749122991,12.004519998863808
519,1,973.3482587064676,149.273631840796,-88.10457786357809,972.9116644373537,162.46640961669206,973.7848529755815,136.08085406489997,6.1063940776147
520,1,975.635294117647,149.1529411764706,-88.95482275072561,975.4309974646832,160.35107775706237,975.8395907706109,137.9548045958788,4.140365580145639
521,1,973.3482587064676,149.273631840796,-88.10457786357809,972.9116644373537,162.46640961669206,973.7848529755815,136.08085406489997,6.1063940776147
522,1,968.938596491228,150.69883040935673,-91.63724298091726,969.4528815470345,168.69148198941502,968.4243114354216,132.70617882929844,5.316691721355492
523,1,969.9095477386935,154.56448911222782,-94.84195418084643,971.3951195866496,172.101680343567,968.4239758907374,137.02729788088863,3.6706764238245
524,1,969.8419117647059,157.3125,-96.98597850790833,971.9338865786295,174.38480627003594,967.7499369507822,140.24019372996406,2.441453353456123
525,1,969.6627358490566,152.04009433962264,-96.08559554590572,971.3589612298533,167.94992838833417,967.9665104682599,136.1302602909111,3.6724716744555455
526,1,967.7780821917809,151.83835616438355,-93.66093444445661,968.6975494353694,166.20897132129204,966.8586149481923,137.46774100747507,3.304356657040365
527,1,968.4422110552764,151.11306532663318,-90.12290375850333,968.4782482918223,167.91302667532628,968.4061738187305,134.31310397794007,4.295142315311417
528,1,969.4015345268542,149.230179028133,-93.1590085784478,970.3052921317329,165.605258331502,968.4977769219755,132.855099724764,3.8252805133996555
529,1,968.1696428571429,148.86607142857142,-93.73764952611491,969.2908770213328,166.02948699625645,967.048408692953,131.70265586088638,4.037910969450493
530,1,968.459724950884,149.41257367387033,-95.73112615542728,970.1773221603513,166.52659891126058,966.7421277414168,132.29854843648008,3.1338946262102056
531,1,968.9733656174334,147.4043583535109,-96.21747083697223,970.8361684591844,164.50318771615338,967.1105627756824,130.30552899086842,4.48455372326875
532,1,967.3655172413793,147.07816091954024,-94.40677101035321,968.7793153866268,165.4237646110107,965.9517190961318,128.73255722806977,4.576550213989019
533,1,966.4714912280701,147.18640350877192,-93.53815733226695,967.631700419423,165.95056921450742,965.3112820367172,128.4222378030364,5.319616133083459
534,1,967.6465927099841,150.4659270998415,-97.55829558975901,970.066834318728,168.70605951589883,965.2263511012403,132.2257946837842,3.002753903700851
535,1,968.0210135970334,153.35846724351052,-97.33996666677629,970.2695275311135,170.81424522927352,965.7724996629534,135.9026892577475,2.14031620260126
536,1,967.6648451730418,157.0054644808743,-100.29680667299927,970.882297993617,174.71557451292585,964.4473923524666,139.29535444882276,1.6569004277238646
537,1,967.9944173063503,161.41939986043266,-118.90563574632166,977.0817449869118,177.8772391969343,958.9070896257889,144.961560523931,1.2022386931143396
538,1,968.4564705882353,159.88549019607842,-109.55431960414099,974.347197380972,176.47040315494962,962.5657437954986,143.30057723720722,1.2975079012145423
539,1,968.4082633053222,162.23879551820727,-122.14844547665311,978.4120188960394,178.1562348248669,958.404507714605,146.32135621154762,1.209520474724936
540,1,968.2999257609503,161.20935412026725,-115.2919211771981,975.9900726304634,177.48392450247144,960.6097788914371,144.93478373806306,1.314198824018867
541,1,967.6823529411764,161.5625,-109.60545841555653,973.5878800943264,178.14214864052943,961.7768257880265,144.98285135947057,1.4458907374928962
542,1,966.6825775656324,149.01193317422434,-96.20613530329975,968.3690282017537,164.52050771387582,964.9961269295111,133.50335863457286,4.893855382452188
543,1,966.4346793349168,148.97624703087885,-96.34073431059299,968.1575579629089,164.48081697761418,964.7118007069248,133.47167708414352,4.909623141508714
544,1,966.1367924528302,148.9316037735849,-96.4090569940733,967.833507957555,164.03660812631603,964.4400769481053,133.82659942085377,4.575306132545151
545,1,760.4090202177294,773.4945567651633,-13.898082783240271,749.5369055995062,776.1847470424887,771.2811348359527,770.804366487838,1.350168864277295
546,1,965.9875311720698,148.95511221945137,-98.15516387709816,968.0302338499858,163.2094928012106,963.9448284941537,134.70073163769214,3.681926808524583
547,1,755.9313868613139,777.2131386861314,-57.96476985485552,749.5660994986148,787.3858038624883,762.2966742240129,767.0404735097745,1.2530195004505396
548,1,759.5428571428572,784.3809523809524,-118.14089302540057,765.7685229756013,796.0205866079805,753.3171913101131,772.7413181539243,5.261742587104114
549,1,749.5433070866142,780.5826771653543,-58.46949870122862,743.267878382367,790.8110198746065,755.8187357908613,770.3543344561022,1.1794471215441156
550,1,747.3926441351889,784.2823061630219,-46.81783069874777,738.0858892174629,794.1991762792119,756.6993990529149,774.3654360468319,1.1905687205602211
551,1,744.811121764142,783.5570469798657,-69.56611018726618,739.6440513678575,797.425766586226,749.9781921604264,769.6883273735054,1.377110935200345
552,1,742.6323144104804,783.7965065502184,-71.86647334517306,737.7770863000746,798.6217134626337,747.4875425208861,768.9712996378031,1.4688261353084178
553,1,740.1784841075795,785.4286878565607,-75.02009290086833,736.0427994468239,800.8849523595637,744.3141687683351,769.9724233535577,1.3990201804056965
554,1,739.1618705035971,785.884892086331,-71.74279639463484,734.3999657650932,800.3197202204451,743.9237752421011,771.4500639522169,1.3737173742823796
555,1,737.8572727272727,785.2727272727273,-77.87233874505434,734.5798594823608,800.5245652741642,741.1346859721847,770.0208892712903,1.5260187587167444
556,1,733.0814081408141,785.8261826182618,-62.561384762885076,726.8145548652574,797.8962509702905,739.3482614163709,773.7561142662331,1.2460495474396136
557,1,729.927624872579,786.6564729867482,-42.64946883172073,719.9246562028462,795.8706261107386,739.9305935423118,777.4423198627578,1.2126721295997887
558,1,728.2507598784194,785.1382978723404,-76.2044393732262,724.4354284904579,800.6767420158201,732.066091266381,769.5998537288608,1.2356996474497057
559,1,726.9264240506329,789.4889240506329,-69.29334345172883,721.4105211378513,804.0812101997176,732.4423269634145,774.8966379015483,1.2017653598619122
560,1,723.9704873026767,791.0727522306108,-13.020787130773156,707.992157746914,794.7677467647663,739.9488168584394,787.3777576964553,1.1640667888051832
561,1,721.9439683586025,792.6954515491101,-7.292009793846171,705.2798441917074,794.8278130921656,738.6080925254977,790.5630900060546,1.2008088997126467
562,1,719.5144876325088,792.6996466431095,-2.6466671704721088,702.7324083525739,793.4754140322012,736.2965669124437,791.9238792540178,1.4038467126886571
563,1,718.5669642857143,792.8102678571429,-4.048588963372288,702.6068917183358,793.9399065799261,734.5270368530929,791.6806291343597,1.264051902599926
564,1,727.4545454545455,798.4421487603306,26.58569685273108,708.4961065467173,788.954388530532,746.4129843623737,807.9299089901292,1.9044676848558189
565,1,714.5145888594164,788.5411140583554,-81.484696890739,712.3823295702509,802.7823734943663,716.646848148582,774.2998546223446,1.092533521872306
566,1,714.957223567393,789.1541565778854,-91.18236846540002,715.2791257930602,804.7508350370032,714.6353213417259,773.5574781187676,1.1913933961844612
567,1,723.8688524590164,789.304449648712,-88.38252873137866,723.3833575242693,806.497596384209,724.3543473937634,772.1113029132149,1.5721592344802517
568,1,716.1959459459459,789.1722972972973,-74.2944372564255,712.2979536318611,803.0346800621518,720.0939382600308,775.3099145324428,1.3985113748696854
569,1,713.628078817734,799.3817733990148,-3.2373763173838848,692.4619111100843,800.5789970922505,734.7942465253838,798.1845497057792,2.7315013179843715
570,1,712.051839464883,798.6923076923077,-16.74835591659942,689.8359920464012,805.3778236393936,734.2676868833647,792.0067917452219,2.556452387421693
571,1,976.5263157894736,149.0328947368421,-89.2630948722822,976.3925607012502,159.43203458475136,976.6600708776971,138.63375488893286,4.497371678104308
572,1,976.9183673469388,148.8639455782313,-92.5607351369484,977.3651511655373,158.8539598034183,976.4715835283403,138.8739313530443,4.067346230714679
573,1,977.3262411347517,148.86524822695034,-93.00833319367415,977.8300606358682,158.4520185856423,976.8224216336353,139.2784778682584,3.722564153248259
574,1,978.5121951219512,148.53658536585365,-99.2595943797984,979.9925472440854,157.6167041753458,977.0318429998171,139.4564665563615,4.267693048805009
575,1,978.1642857142857,149.54285714285714,-92.1650316077679,978.5118427461814,158.7362898047947,977.81672868239,140.3494244809196,2.973264294153922
576,1,980.6458333333334,148.86458333333334,-100.22212737590777,982.1365378136273,157.13125135330557,979.1551288530394,140.5979153133611,4.64918487663511
577,1,980.78125,149.0625,-98.0170888968132,981.8969975972699,156.98431212218432,979.6655024027301,141.14068787781568,3.8694011579291887
578,1,981.3595505617977,149.1123595505618,-98.97903137043623,982.5457052756498,156.6192255407608,980.1733958479457,141.6054935603628,3.2432333908846163
579,1,981.063829787234,148.81914893617022,-106.69865505049236,983.3625340755505,156.48178285636212,978.7651254989175,141.15651501597833,4.217297949686099
580,1,980.4778761061947,150.07079646017698,-101.96691253329922,982.1366504292656,157.89693648864062,978.8191017831238,142.24465643171334,1.6693615667037396
581,0,,,,,,,,
582,1,743.8533333333334,891.5911111111111,-126.28768429020336,752.3758283410741,903.1983105512445,735.3308383255926,879.9839116709777,21.975375190777893
583,1,667.5139442231076,803.2729083665339,-64.10846294215816,660.701909175042,817.3070160511687,674.3259792711732,789.2388006818991,2.4705167753295094
584,1,665.705533596838,801.5533596837945,-61.157938471397756,658.1801427115291,815.2182230941368,673.2309244821469,787.8884962734522,2.4516006979923217
585,1,666.1252173913043,799.4660869565217,-66.07836387471872,659.3130391521721,814.822982073644,672.9373956304365,784.1091918393995,2.59222741251921
586,1,663.7858407079646,798.4106194690265,-65.62003487405396,657.0161509359899,813.3481996074299,670.5555304799392,783.4730393306231,2.402687879465036
587,1,694.4825174825174,765.4195804195804,-44.046589245891376,685.8572209499779,773.762497159292,703.107814015057,757.0766636798687,4.958239348925759
588,1,693.0723684210526,765.171052631579,-43.232012112941376,683.7464670359209,773.9384674931443,702.3982698061843,756.4036377700136,5.845619136683411
589,1,692.6034482758621,750.4051724137931,7.519079061948446,674.3616635799247,747.9974159670021,710.8452329717995,752.8129288605842,2.971995824550914
590,1,683.8148148148148,763.9917695473251,-55.05040226048095,675.336551662145,776.1226826998492,692.2930779674846,751.8608563948011,3.7080628329703647
591,1,679.3636363636364,752.4,-9.883058062058117,659.2663698901279,755.9014111859065,699.4609028371449,748.8985888140935,1.5113551706630313
592,1,675.5714285714286,755.0857142857143,-74.40635805691403,671.0553712172843,771.2673466500365,680.0874859255728,738.904081921392,2.6166038105600706
593,1,671.3510638297872,752.9148936170213,-75.07174490841801,666.8171397133032,769.9208788018309,675.8849879462713,735.9089084322118,1.551627055585559
594,1,663.1147132169576,754.6109725685785,-77.3195838555612,658.4610428932617,775.2938967457434,667.7683835406535,733.9280483914137,2.457894709603339
595,1,661.244060475162,756.6825053995681,-82.39222667345335,658.3844177394797,778.0923732979055,664.1037032108443,735.2726375012306,3.034996459824303
596,1,658.2873051224944,756.1291759465479,-84.50148838547177,656.1409394777454,778.4261065541235,660.4336707672435,733.8322453389723,3.8816039558401214
597,1,656.427927927928,755.8761261261261,-87.19311555642552,655.3505927195231,777.8497318577472,657.5052631363328,733.902520394505,5.180422348792739
598,1,655.0724409448819,761.8472440944881,-92.36261189480246,655.9958511913279,784.2282028209761,654.1490306984359,739.4662853680002,2.8857168803715147
599,1,652.6132879045997,761.725724020443,-100.19409268067879,656.5777130780879,783.7721144969771,648.6488627311115,739.6793335439088,3.4992233757322895
600,0,,,,,,,,
601,0,,,,,,,,
602,0,,,,,,,,
603,0,,,,,,,,
604,1,605.7037037037037,791.3827160493827,-24.187665398726026,596.9465036106939,795.3160920206049,614.4609037967135,787.4493400781605,5.299751046935608
605,0,,,,,,,,
606,1,598.1882352941177,800.2,-130.54253652142614,603.9083443831398,806.8873277181312,592.4681262050956,793.5126722818688,1.3489074643442538
607,1,592.8796296296297,810.8055555555555,15.72629652671366,583.2539551296929,808.0951330015491,602.5053041295664,813.515978109562,1.701002052812737
608,1,588.5108695652174,815.9021739130435,-105.17725053228008,590.919484720862,824.7812827102144,586.1022544095728,807.0230651158726,3.08581855478485
609,1,591.0,815.0,-127.58234149894682,597.3429699014649,823.2417675791731,584.6570300985351,806.7582324208269,2.224659861861709
610,1,604.6323529411765,790.1813725490196,1.0256785789003633,591.0345320284326,789.937925583654,618.2301738539203,790.4248195143851,1.9931366971000337
611,0,,,,,,,,
612,0,,,,,,,,
613,1,649.1959459459459,714.2432432432432,-34.578659258261155,640.3037895543268,720.3726440872889,658.088102337565,708.1138423991976,20.55922834906095
614,1,663.8874172185431,692.2649006622516,-34.62947116503364,655.6589754333997,697.9475713185986,672.1158590036864,686.5822300059046,16.144477572147736
615,1,677.7727272727273,670.474025974026,-33.052993492794414,668.7205294324162,676.3645025472642,686.8249251130383,664.5835494007877,14.592561805821632
616,1,647.285524568393,890.8857901726427,-5.111570730947864,611.8271024528796,894.0575879401655,682.7439466839065,887.7139924051199,6.554253932990236
617,1,699.8333333333334,759.5480769230769,-105.90235866277449,706.6285038192971,783.3989816871878,693.0381628473697,735.697172158966,33.99268168301793
618,0,,,,,,,,
619,0,,,,,,,,
620,1,652.837037037037,895.9481481481481,29.689930700640677,643.802363866057,890.7969656922867,661.871710208017,901.0993306040095,1.4845583539814775
621,0,,,,,,,,
622,1,733.8281622911694,747.3221957040573,-90.96103797299284,734.0495591640489,760.5203388850006,733.6067654182899,734.1240525231141,6.1648461248511
623,1,731.4707207207207,747.8603603603603,-90.92020863389864,731.6634404808856,759.8588127228129,731.2780009605558,735.8619079979078,3.375251682356036
624,1,721.0,754.8673469387755,-43.3131173756796,711.9775649929443,763.3735603468352,730.0224350070557,746.3611335307158,2.0001590111680363
625,1,717.4051724137931,750.9935344827586,-87.77799097763526,716.9399125776075,762.9845116441426,717.8704322499788,739.0025573213746,3.5818336243172344
626,0,,,,,,,,
627,0,,,,,,,,
628,0,,,,,,,,
629,0,,,,,,,,
630,0,,,,,,,,
631,0,,,,,,,,
632,0,,,,,,,,
633,0,,,,,,,,
634,0,,,,,,,,
635,0,,,,,,,,
636,0,,,,,,,,
637,0,,,,,,,,
638,0,,,,,,,,
639,0,,,,,,,,
640,0,,,,,,,,
641,0,,,,,,,,
642,0,,,,,,,,
643,0,,,,,,,,
644,0,,,,,,,,
645,0,,,,,,,,
646,0,,,,,,,,
647,0,,,,,,,,
648,0,,,,,,,,
649,0,,,,,,,,
650,0,,,,,,,,
651,0,,,,,,,,
652,0,,,,,,,,
653,0,,,,,,,,
654,0,,,,,,,,
655,0,,,,,,,,
656,0,,,,,,,,
657,0,,,,,,,,
658,0,,,,,,,,
659,0,,,,,,,,
660,1,963.6236162361623,149.6789667896679,-105.20269146493105,966.4557489433931,160.10101190224697,960.7914835289315,139.25692167708883,1.7965960193495705
661,1,963.6798245614035,148.21052631578948,-103.25398934440257,966.1559207329713,158.72284992901353,961.2037283898358,137.69820270256542,2.3719694216272926
662,1,963.0134529147982,147.8609865470852,-107.7437093535204,966.1829541201251,157.7662509105149,959.8439517094713,137.95572218365547,1.9568077174117258
663,1,962.9909502262443,147.83257918552036,-106.42395107672363,965.931471701343,157.80821618044374,960.0504287511457,137.85694219059698,1.96373847373463
664,1,962.2485549132948,146.64739884393063,-109.62266867636733,965.6067975328949,156.06664544373368,958.8903122936947,137.22815224412759,1.923466690469853
665,1,962.2628571428571,146.61714285714285,-109.49553949381631,965.600191873785,156.0438176098721,958.9255224119293,137.1904681044136,1.9151899515194837
666,1,962.150289017341,146.53757225433526,-108.29367954917295,965.2891662212506,156.03217334647053,959.0114118134314,137.0429711622,1.8703885446339388
667,1,961.1847133757962,146.70063694267515,-119.48744149884874,966.107041150329,155.40527302237788,956.2623856012633,137.9960008629724,1.9455162915546964
668,1,749.05745505816,924.1096228410292,-8.606304686153907,712.276330013295,929.6763849550417,785.838580103025,918.5428607270168,3.8941100691643293
669,1,962.4375,146.8068181818182,-106.67272933665772,965.3065459937915,156.38640977465286,959.5684540062085,137.2272265889835,2.172236654406063
670,1,962.4375,146.80113636363637,-106.56630900672097,965.2887480639391,156.38604035261213,959.5862519360609,137.21623237466062,2.1748662198699122
671,1,962.3575418994413,146.54748603351956,-111.33620522000915,965.9959408381728,155.8621010638167,958.7191429607099,137.2328710032224,1.987164007386378
672,1,961.2875,146.66875,-119.90737563273716,966.2734933044046,155.33707571887052,956.3015066955954,138.00042428112945,1.9959521346209337
673,1,961.2875,146.66875,-119.90737563273716,966.2734933044046,155.33707571887052,956.3015066955954,138.00042428112945,1.9959521346209337
674,1,961.312101910828,146.95541401273886,-114.71028451181287,965.3251912837057,155.67637231359637,957.2990125379503,138.23445571188134,2.151710274618127
675,1,961.0391061452514,148.02793296089385,-114.11671892456036,965.12507422788,157.1550828351832,956.9531380626228,138.9007830866045,1.6039812733706234
676,1,961.0279329608938,148.0223463687151,-113.95931118137007,965.0888107882992,157.16068709725482,956.9670551334885,138.88400564017536,1.5907269571103475
677,1,962.060606060606,147.8080808080808,-102.16086994628344,964.2514411769624,157.9747047065507,959.8697709442496,137.6414569096109,1.669148389131275
678,1,961.994923857868,147.86802030456852,-103.26512911870712,964.3812808862843,157.99053482087956,959.6085668294517,137.74550578825747,1.6351560853610574
679,1,962.4852941176471,147.79901960784315,-99.30046075708265,964.2307010945811,158.45704730929288,960.739887140713,137.14099190639342,1.7999258991457763
680,1,961.34,151.16,-85.05642548233477,960.4437837679774,161.52131248758857,962.2362162320227,140.79868751241142,2.6062764391758892
681,1,962.3484162895927,150.85972850678732,-81.52274370720484,960.7563147729004,161.54173266146475,963.940517806285,140.1777243521099,2.6294751168996635
682,1,962.0046948356808,151.2582159624413,-86.81884525953224,961.4053693232431,162.0415739241405,962.6040203481184,140.47485800074213,2.8121918397511023
683,1,961.8317307692307,151.20673076923077,-84.73168506908515,960.8400755376455,161.96110754809015,962.823386000816,140.4523539903714,2.8093836085360984
684,1,962.2824074074074,151.1712962962963,-85.37502259748258,961.3793127629493,162.33482710259372,963.1855020518655,140.0077654899989,3.056329119863054
685,1,964.992337164751,148.9272030651341,-99.42743542988028,967.1544754153138,161.94892177602068,962.8301989141883,135.90548435424753,2.6621872699433413
686,1,963.4234234234234,151.06306306306305,-87.54308221314142,962.9090054517743,163.05203191573943,963.9378413950725,139.07409421038668,3.6008543523813796
687,1,963.2882882882883,151.04504504504504,-87.4575752855125,962.7559788297245,163.0332328413854,963.8205977468521,139.0568572487047,3.6649603693862165
688,1,966.0401606425703,147.99196787148594,-97.66156204275323,967.8533308053187,161.47055882013183,964.2269904798219,134.51337692284005,3.7560376538041704
689,1,964.9262295081967,151.05737704918033,-89.08097149347849,964.7145096188256,164.2556790114952,965.1379493975678,137.85907508686546,4.352219277901152
690,1,964.7083333333334,151.09166666666667,-89.58226014534014,964.6120938323603,164.29131582709712,964.8045728343064,137.89201750623621,4.330925449221281
691,1,965.3540856031128,150.70817120622567,-88.04812928612616,964.8908698520897,164.300280357053,965.8173013541359,137.11606205539834,3.9808333793273216
692,1,966.1750972762646,147.7898832684825,-98.64671675266037,968.2798780968895,161.63076104762388,964.0703164556397,133.94900548934112,3.5934645884866536
693,1,967.5503597122303,147.87410071942446,-96.70542078822189,969.3251831681991,162.97012674285668,965.7755362562614,132.77807469599225,4.457636996136792
694,1,964.2196261682243,146.71495327102804,-96.18860879634937,965.6426086403493,159.8380291636694,962.7966436960993,133.59187737838667,3.0626774948885385
695,1,965.2675438596491,146.81578947368422,-95.96617660005805,966.6811462098959,160.34212409897634,963.8539415094023,133.2894548483921,3.69381886467627
696,1,963.4145077720207,146.17098445595855,-101.99948315679184,965.8261810328828,157.51751837971,961.0028345111585,134.8244505322071,2.5037692966178904
697,1,967.6993006993007,147.8916083916084,-98.25012981487252,969.9378205814593,163.33016495422723,965.4607808171421,132.45305182898957,4.402598323416845
698,1,968.2241379310345,148.05862068965519,-97.1628515207294,970.2191772354921,163.93375275756785,966.229098626577,132.18348862174253,4.896133470557312
699,1,968.340206185567,147.94158075601374,-94.46067376479162,969.6468231761856,164.6906927336628,967.0335891949484,131.19246877836468,5.062445645459763
700,1,968.6478405315614,148.49169435215947,-94.89609206591925,970.0817031586135,165.23039316559007,967.2139779045093,131.75299553872887,4.582079187779656
701,1,968.0622837370242,147.98615916955018,-96.46674981636778,969.954410616535,164.67926720465954,966.1701568575135,131.29305113444082,4.822113831251147
702,1,968.8766233766233,148.3896103896104,-95.36611046647478,970.4851577098018,165.51423059850805,967.2680890434449,131.26499018071274,4.555389757382822
703,1,968.9967105263158,148.03947368421052,-96.22357443500367,970.9046982161553,165.53574708672173,967.0887228364763,130.5432002816993,5.2516378685228915
704,1,969.1335504885993,148.0456026058632,-96.2320196257843,971.0441170451553,165.5415945878278,967.2229839320433,130.5496106238986,5.262128888220484
705,1,969.1335504885993,148.0456026058632,-96.2320196257843,971.0441170451553,165.5415945878278,967.2229839320433,130.5496106238986,5.262128888220484
706,1,969.1980519480519,148.05519480519482,-96.25848920582371,971.1167011219658,165.5503022740685,967.279402774138,130.56008733632112,5.312973095346967
707,1,968.8766666666667,148.17000000000002,-95.9153133335797,970.6080475419781,164.88054518154948,967.1452857913553,131.45945481845055,5.3502161271382604
708,1,968.8294314381271,148.11371237458195,-95.44070862591067,970.4223341202313,164.83802584465735,967.236528756023,131.38939890450655,5.3421273683024335
709,1,968.1245674740485,148.0865051903114,-95.81319357838034,969.7046195121575,163.60628081874327,966.5445154359395,132.56672956187955,4.812537605622127
710,1,966.9416058394161,147.8905109489051,-97.13155762316129,968.7789965197848,162.57601385100872,965.1042151590474,133.20500804680148,3.9606889204205
711,1,965.7058823529412,147.73333333333335,-96.95721413589798,967.4016760537313,161.6302496720166,964.0100886521511,133.8364169946501,3.2971598758061864
712,1,965.7058823529412,147.73333333333335,-96.95721413589798,967.4016760537313,161.6302496720166,964.0100886521511,133.8364169946501,3.2971598758061864
713,1,965.1152263374486,147.87654320987653,-96.93761021697345,966.7579496760918,161.37696764885908,963.4725029988053,134.37611877089398,3.1408525422409816
714,1,963.3609756097561,146.75121951219512,-93.96878612870508,964.2469020822239,159.5205238897006,962.4750491372884,133.98191513468964,2.5969380872823686
715,1,965.0367346938775,147.74693877551022,-98.47771934557348,967.041711981955,161.19833521135632,963.0317574058,134.2955423396641,2.9696429989238577
716,1,965.6980392156863,147.73333333333335,-96.9226721268931,967.3854545500197,161.63126949268653,964.0106238813529,133.83539717398017,3.2863984967632693
717,1,966.3721804511279,147.8345864661654,-97.07707785427883,968.1463247857653,162.12487729175305,964.5980361164904,133.54429564057776,3.6217347378475138
718,1,963.978354978355,147.63203463203462,-99.30945226056572,966.0489677594026,160.26344637858784,961.9077421973075,135.0006228854814,2.410978377963617
719,1,969.4377358490566,148.89811320754717,-94.0042876530606,970.4712364978842,163.6619838520927,968.404235200229,134.13424256300164,7.729301145651128
720,1,966.5916955017301,148.75778546712803,-100.51367277814296,969.1462777323849,162.5227449522418,964.0371132710753,134.99282598201427,3.0951008361860692
721,1,979.2547169811321,149.10377358490567,-95.51415125977098,979.8697032121448,155.47415755572445,978.6397307501194,142.7333896140869,2.1279246194794044
722,1,979.2830188679245,149.00943396226415,-98.97100158212575,980.2810000410885,155.3311452478268,978.2850376947605,142.6877226767015,2.076404617085996
723,1,978.5727272727273,148.1909090909091,-109.34237089868449,980.8249706006754,154.6070917559922,976.3204839447792,141.77472642582597,3.362860302812642
724,1,964.6543778801844,146.14285714285714,-99.27115609268577,966.7809902353716,159.17042483182982,962.5277655249971,133.11528945388446,3.4286712139746935
725,1,964.8219178082192,146.33333333333334,-97.43693970406315,966.5304587451228,159.42229386757458,963.1133768713155,133.2443727990921,3.8009125132405273
726,1,964.9483568075117,146.5868544600939,-95.71609296096474,966.2630666726827,159.72121923234008,963.6336469423406,133.4524896878477,4.301765118949904
727,1,966.2300884955753,146.80973451327435,-96.68478821601212,967.8597872017085,160.7145567748938,964.600389789442,132.9049122516549,5.34784347410346
728,1,965.3928571428571,147.73015873015873,-92.69335623822236,966.0319296238252,161.3151352249514,964.753784661889,134.14518223536606,3.5268315991983847
729,1,966.3473282442748,148.29770992366412,-94.20116685192332,967.3729473538755,162.2600917205504,965.321709134674,134.33532812677782,4.381653010664821
730,1,965.8389513108614,147.79400749063672,-97.5306333477006,967.6213163419884,161.27670658598907,964.0565862797343,134.31130839528436,3.2726013549508384
731,1,965.8992537313433,147.82089552238807,-97.82392054779505,967.7506107181594,161.29429439970806,964.0478967445272,134.34749664506808,3.301203748641812
732,1,964.796812749004,147.63346613545818,-97.56359493705256,966.4816326777296,160.32209812664496,963.1119928202783,134.9448341442714,2.6522869413119436
733,1,965.151376146789,146.36238532110093,-98.42510557686509,967.0267872047912,159.02425064037845,963.2759650887867,133.7005200018234,3.8557483951072395
734,1,965.0366972477065,146.40366972477065,-98.05822956434208,966.8870658028378,159.47333445689677,963.1863286925751,133.33400499264454,3.8564779257618222
735,1,891.930409914204,891.789323164919,-3.5358526468219798,877.9570602850014,892.6527466647509,905.9037595434066,890.9258996650871,1.1872129516574434
736,1,966.3363228699552,147.15695067264573,-95.85859734190886,967.7245255316026,160.68591565043303,964.9481202083078,133.62798569485844,6.08901149704845
737,1,966.3080357142857,147.18303571428572,-95.73441993982381,967.6669137515629,160.7149775734501,964.9491576770084,133.65109385512133,6.023759381811386
738,1,965.0710900473933,147.32701421800948,-91.73369325137575,965.470443352506,160.5209718099413,964.6717367422807,134.13305662607766,5.610783506137907
739,1,965.0943396226415,147.3443396226415,-91.96428521465153,965.5467898066158,160.53658313278873,964.6418894386672,134.1520961124943,5.572443566642971
740,1,917.3040935672515,906.2124756335282,43.96168556135662,902.044245234824,891.4959193491487,932.563941899679,920.9290319179078,2.021461642554403
741,1,924.5027322404371,904.9872495446266,-125.84812006614371,936.2155051097673,921.1986946286246,912.789959371107,888.7758044606286,1.2115768165054313
742,1,933.9805194805194,903.1320346320347,-23.55318716014739,916.7467564271718,910.644518310624,951.214282533867,895.6195509534454,1.7922752115038334
743,1,962.8720930232558,154.61918604651163,-83.96074030335024,961.6095742713995,166.55258650074978,964.1346117751121,142.68578559227348,2.3536987450696354
744,1,963.655612244898,155.0484693877551,-86.13952472042115,962.874618633119,166.62214853391947,964.4366058566769,143.4747902415907,2.2363230324497034
745,1,947.6130952380952,896.765873015873,-76.13172381402951,943.4904180443393,913.4644817230703,951.735772431851,880.0672643086757,1.3066169823971465
746,1,963.6307692307693,147.73846153846154,-78.87554948046515,961.469833302898,158.72801821357976,965.7917051586405,136.7489048633433,1.6031156973606708
747,1,963.7746913580247,148.45679012345678,-68.2378847906226,959.6222485037266,158.8585793129082,967.9271342123228,138.05500093400536,1.2771015022168468
748,1,963.3229665071771,150.5334928229665,-43.28669555840038,953.7142642472965,159.58406412432453,972.9316687670577,141.4829215216085,1.4280418408748092
749,1,962.6780821917808,150.76255707762556,-32.63815377083861,951.2256114353335,158.09746768190138,974.1305529482282,143.42764647334974,1.6319609180608676
750,1,960.0246913580247,158.12345679012347,-73.49665942067845,957.0703503855784,168.0950097994859,962.979032330471,148.15190378076105,2.3935825052851163
751,1,958.0636942675159,159.19426751592357,-75.40122487149497,955.7448464992868,168.09724145881364,960.3825420357449,150.2912935730335,1.7138006435198891
752,1,1003.9607843137255,884.3790849673203,-82.77751020156398,1002.5024015762273,895.8870439432189,1005.4191670512238,872.8711259914216,1.8029322938421184
753,1,1009.1901408450705,888.0492957746479,31.7911044386947,997.2904978978282,880.6737620496795,1021.0897837923127,895.4248294996164,1.5464602325720045
754,1,1025.5338645418326,889.2159362549801,-94.17264161985062,1026.8435801333308,907.1682242726504,1024.2241489503344,871.2636482373098,1.8412673021458437
755,1,1032.7726995734308,887.2583790371724,-95.89778322648885,1034.6222725033426,905.1631013186527,1030.923126643519,869.3536567556921,1.3286946827501138
756,1,1033.163879598662,900.7658862876254,-93.86665744480878,1034.4586256354658,919.9221811459789,1031.8691335618585,881.609591429272,7.754119161005401
757,1,1046.7808219178082,904.7945205479452,-94.82937559535549,1048.0604906906697,919.9405579119478,1045.5011531449468,889.6484831839426,3.245187262397639
758,0,,,,,,,,
759,0,,,,,,,,
760,1,952.5948717948718,159.07179487179488,-12.35147657855624,945.5615245356007,160.6119332845696,959.6282190541428,157.53165645902016,1.4979756101651174
761,0,,,,,,,,
762,0,,,,,,,,
763,0,,,,,,,,
764,0,,,,,,,,
765,0,,,,,,,,
766,0,,,,,,,,
767,1,980.258064516129,149.6236559139785,-108.8155872565215,982.7092409747287,156.8175237171013,977.8068880575294,142.4297881108557,3.2924901386459307
768,1,979.2142857142857,150.02380952380952,-115.81216478789577,982.6976636445481,157.22562028187312,975.7309077840232,142.82199876574592,2.2488585447330784
769,1,978.472,149.512,-105.72986156612421,980.9661397564078,158.36746536752906,975.9778602435922,140.65653463247094,5.298544327921118
770,1,977.2296296296296,149.6074074074074,-99.6438794601208,978.8378582438347,159.0717404913839,975.6214010154245,140.1430743234309,4.011848148462912
771,1,977.7322834645669,149.60629921259843,-100.97762764922481,979.4080294812426,158.2452734160323,976.0565374478912,140.96732500916457,3.7203890397723534
772,1,977.1328125,149.4609375,-98.42712047713297,978.5397047491122,158.95728701965163,975.7259202508878,139.96458798034837,4.30191799387366
773,1,976.268115942029,148.9927536231884,-96.67971935451774,977.4778354463124,159.3221572226687,975.0583964377456,138.66335002370812,9.50856718539366
774,1,974.9418604651163,149.5,-96.95697104380045,976.2984482567394,160.61753882671965,973.5852726734931,138.38246117328035,6.42227542522875
775,1,973.9239766081871,148.8830409356725,-95.31215445823034,975.0719910985506,161.22978393655802,972.7759621178236,136.536297934787,10.591472604252225
776,1,971.9159292035398,149.6946902654867,-97.69439933288915,973.8439353552343,163.96503687231544,969.9879230518453,135.424343658658,5.904811586179364
777,1,971.4827586206897,150.17241379310346,-91.78902649407671,971.9448046928466,164.96519965064917,971.0207125485327,135.37962793555775,6.787991745428854
778,1,970.9285714285714,149.41071428571428,-93.33329636273541,971.8123630366723,164.5849988617149,970.0447798204706,134.23642970971366,11.129734685549906
779,1,969.9957627118644,149.27118644067798,-94.15546038262444,971.1551691075799,165.22912417741495,968.8363563161488,133.313248703941,12.47881590616177
780,1,970.2274678111588,149.3519313304721,-93.45168822242753,971.1907780684922,165.32290604550172,969.2641575538254,133.38095661544247,12.116490196568023
781,1,970.2276785714286,148.55357142857142,-96.41973844714428,971.9719345319317,164.05575098966054,968.4834226109255,133.0513918674823,12.793411334869724
782,1,969.8616071428571,148.3125,-94.3659004283358,971.0796170441314,164.26607175933958,968.6435972415828,132.35892824066042,12.712930880475707
783,1,969.990990990991,148.3063063063063,-94.53708566914099,971.2566606065263,164.25616776101214,968.7253213754557,132.3564448516005,12.675342225673571
784,1,969.6960352422907,148.11453744493392,-95.71851947654626,971.3301537467601,164.43292145540966,968.0619167378213,131.79615343445818,11.347464078991571
785,1,969.938596491228,148.32456140350877,-97.4061622719889,972.0525934237893,164.58774119619142,967.8245995586668,132.06138161082612,11.589466982355733
786,1,969.7914893617021,148.24255319148935,-96.64464652784662,971.781721662821,165.32701910024934,967.8012570605832,131.15808728272935,12.099206720064434
787,1,969.9306569343066,149.65693430656935,-92.99356922731836,970.8497970740316,167.2329173915506,969.0115167945817,132.08095122158812,7.5982793618459405
788,1,969.8158844765343,149.48736462093862,-94.16778098664301,971.0659352036787,166.64187927975559,968.5658337493899,132.33284996212166,7.013181250572973
789,1,969.2571428571429,149.55714285714285,-93.15590197633482,970.2260762362481,167.13045125672588,968.2882094780376,131.98383445755982,6.893212845141241
790,1,969.3454545454546,149.4181818181818,-94.05900706354335,970.5629358264191,166.575038736933,968.12797326449,132.2613248994306,6.565800264251888
791,0,,,,,,,,
792,0,,,,,,,,
793,0,,,,,,,,
794,0,,,,,,,,
795,0,,,,,,,,
796,1,1064.7380116959064,894.6479532163743,-107.74107472428263,1072.782512391718,919.792455767729,1056.6935110000948,869.5034506650195,2.8510712410460983
797,1,1062.2620599739244,893.8005215123859,-106.74223412939577,1069.6365617660308,918.3153481142247,1054.887558181818,869.2856949105471,2.4119961393913294
798,0,,,,,,,,
799,0,,,,,,,,
800,0,,,,,,,,
801,1,1053.6263940520446,900.8717472118959,3.7877075285718296,1038.8587222248113,899.8940617803064,1068.3940658792778,901.8494326434854,2.1615872194754857
802,1,1153.298969072165,1059.641237113402,-127.73295950716275,1162.6010968680632,1071.6624857369343,1143.9968412762667,1047.6199884898697,2.7930673895966116
803,1,1152.6168421052632,1058.802105263158,-127.01125947836927,1161.7668158267888,1070.9395671434438,1143.4668683837376,1046.664643382872,2.7794715860326153
804,0,,,,,,,,
805,1,1026.4951923076924,930.9375,-15.270333588477472,994.467354282017,939.6815031679491,1058.5230303333678,922.1934968320509,6.432341387319874
806,1,1022.7704918032787,935.0218579234972,-21.25970151949341,994.439318608792,946.0447715775181,1051.1016649977653,923.9989442694764,4.444329693974257
807,1,1003.039446366782,919.6948096885814,-2.5046799777542077,973.4677245677395,920.9883590073291,1032.6111681658247,918.4012603698336,4.398228778281467
808,1,1010.1195219123506,945.2430278884462,15.111683862227217,975.3644203357061,935.8577780570821,1044.8746234889952,954.6282777198104,16.891511294905605
809,1,993.8581986143187,917.2558891454966,-6.455118347732036,964.8433199975063,920.538695696551,1022.873077231131,913.9730825944421,3.1365072508749834
810,1,989.3359718557608,919.9234828496042,-7.821058016134861,960.4075933573696,923.8970099293936,1018.264350354152,915.9499557698148,2.9899434371136064
811,1,985.3995026937422,920.201409034397,-5.750971126357999,956.7444582781675,923.0873108936852,1014.0545471093169,917.3155071751088,3.042584474973788
812,1,980.970509383378,914.4134048257373,-10.245498353446553,958.9276846549532,918.3976083837828,1003.0133341118029,910.4292012676918,1.9833244395821072
813,1,979.4490016189962,918.708041014571,-11.77444299123896,957.1287476445633,923.3605954222929,1001.7692555934292,914.0554866068491,2.044583139064006
814,1,976.6812154696132,918.7624309392265,-9.286045874802483,954.9695244793717,922.3124273257406,998.3929064598548,915.2124345527125,2.0308293464359153
815,1,974.8158673771462,917.5210183540556,-10.366155858840044,954.3553664253469,921.2637313809145,995.2763683289455,913.7783053271968,1.8061755101103023
816,1,972.689170182841,921.028129395218,-15.775245480978402,954.5972619966673,926.1391819466068,990.7810783690148,915.9170768438292,1.6563268207561619
817,1,970.6801647220316,923.452299245024,-12.831851867746943,952.7396855787571,927.5387657027028,988.6206438653061,919.3658327873453,1.5204746071270971
818,1,970.2258953168044,928.624655647383,-10.943481938230342,952.16050069971,932.1177226849096,988.2912899338988,925.1315886098563,1.6043735970285458
819,1,964.7541789577188,930.8013765978368,-8.94024413596211,948.553423301816,933.3500068530399,980.9549346136215,928.2527463426337,2.11326677087934
820,1,962.1527001862197,935.9059590316574,-8.087781366953761,945.915819782567,938.2132766858782,978.3895805898724,933.5986413774366,1.9397083369784323
821,1,961.1169176262179,942.1886625332153,-3.1947915676295584,945.1417842746802,943.0803544085776,977.0920509777555,941.296970657853,1.8276345213219518
822,1,959.3983885407341,946.4565801253357,-4.475510808363926,943.4471761019449,947.7051079514637,975.3496009795233,945.2080522992077,1.7978296285357274
823,1,952.7568455640745,947.9791894852136,-6.551578459362321,938.0534962834007,949.6678338913891,967.4601948447483,946.2905450790381,1.9623720704670427
824,1,951.3524590163935,951.3407494145199,-10.448680699041462,938.7647119468692,953.6620903446038,963.9402060859178,949.019408484436,1.3206076173288865
825,1,950.4389312977099,952.8384223918575,-42.32784431813645,941.5672840132047,960.9188849070439,959.3105785822152,944.7579598766712,1.2644939524028393
826,1,970.3363636363637,148.4181818181818,-92.10127044480879,970.9523502061737,165.20688517924617,969.7203770665536,131.62947845711744,13.372601000727784
827,1,946.515306122449,955.7091836734694,38.485240963933286,937.1220842810852,948.2414274214935,955.9085279638128,963.1769399254453,12.171527809827428
828,1,942.0444874274662,956.8123791102514,-8.579583312326434,930.9698198687194,958.4832287334194,953.119154986213,955.1415294870834,1.8017671035505778
829,1,969.9237668161435,148.45291479820628,-91.15188218404197,970.2534524485638,164.8496006640688,969.5940811837231,132.05622893234377,13.473429826711584
830,1,969.3396946564885,149.43129770992365,-89.68144589377884,969.246290195315,166.23103805335256,969.433099117662,132.63155736649475,9.03438310372491
831,1,969.6846153846154,149.1076923076923,-92.23940994638377,970.3098174051623,165.09547271753982,969.0594133640685,133.1199118978448,7.871233597904577
832,1,970.3225806451613,148.92741935483872,-93.70479854638025,971.3047420803244,164.09565454932584,969.3404192099982,133.7591841603516,7.686284080821549
833,1,971.0210970464135,148.9409282700422,-93.86258915937499,972.0180819657407,163.70730971813686,970.0241121270863,134.17454682194756,7.5676229600940825
834,1,972.4266055045872,149.05504587155963,-93.41404330635355,973.236499679925,162.63090943248105,971.6167113292494,135.4791823106382,6.189466323019358
835,1,972.8064516129032,148.4516129032258,-90.7028519140274,972.9683730085186,161.65061973941016,972.6445302172878,135.25260606704143,8.370211617220463
836,1,973.4,148.92820512820512,-89.42078975682041,973.2665618121773,162.1275306507472,973.5334381878226,135.72887960566305,8.878103692099753
837,1,973.9903846153846,149.54326923076923,-88.53851396487796,973.6741228969393,161.93923545069117,974.30664633383,137.14730301084728,5.374511275280553
838,1,975.0830039525691,151.34387351778656,-90.83539870878192,975.2521312731723,162.94264051904258,974.913876631966,139.74510651653054,3.0525737095928784
839,1,976.0354838709677,152.7774193548387,-94.61717650790108,976.9048594812014,163.54237109873105,975.1661082607341,142.01246761094637,2.4086700539378114
840,1,976.5276752767528,151.83394833948338,-86.64767769657264,975.919528152227,162.21615220354477,977.1358224012786,141.451744475422,2.615004121589911
841,0,,,,,,,,
842,1,983.0061349693251,150.34969325153375,-86.15610193073053,982.4430127261933,158.73079660009654,983.5692572124569,141.96858990297096,3.5388431500579682
843,0,,,,,,,,
844,0,,,,,,,,
845,0,,,,,,,,
846,1,988.2312138728323,147.0520231213873,-66.28647966241807,984.5313065595503,155.47524613120498,991.9311211861143,138.6288001115696,1.6634564761679467
847,0,,,,,,,,
848,0,,,,,,,,
849,0,,,,,,,,
850,0,,,,,,,,
851,0,,,,,,,,
852,0,,,,,,,,
853,0,,,,,,,,
854,0,,,,,,,,
855,0,,,,,,,,
856,0,,,,,,,,
857,1,959.2051282051282,146.94871794871796,17.602408285704154,949.2920774462546,143.80365441168183,969.1181789640018,150.09378148575408,1.6519181570521229
858,1,960.4195121951219,147.29268292682926,-67.0252464149429,956.2039969496082,157.23599380474317,964.6350274406357,137.34937204891534,1.0358041752223377
859,1,960.2764976958525,148.48387096774195,-99.42958292522985,962.1114533564867,159.53253322719704,958.4415420352184,137.43520870828686,1.1536557387873618
860,1,961.0391304347826,148.21304347826086,-85.00335814953394,960.0636400603113,159.3704812902907,962.0146208092539,137.055605666231,1.2502119487942907
861,1,959.9424083769634,147.46596858638742,-93.06885697198638,960.5205977389461,158.250480492899,959.3642190149807,136.68145667987585,1.1733793723372805
862,1,959.8851674641148,148.23444976076556,-91.9781672407233,960.2717765991537,159.42777515479858,959.498558329076,137.04112436673253,1.0555204659364814
863,1,961.204347826087,148.34347826086957,-91.19051456856754,961.4370491497216,159.54106059340808,960.9716465024524,137.14589592833107,1.4306360056450165
864,1,961.256880733945,147.60091743119267,-92.69713472988836,961.783913508957,158.78851040082037,960.729847958933,136.41332446156497,1.6260709400267814
865,1,961.768558951965,147.78602620087335,-98.1399064855364,963.4110116374982,159.26915944819677,960.1261062664319,136.30289295354993,1.8073130660280365
866,1,962.0223214285714,147.89285714285714,-101.24506790027266,964.206387440741,158.87784033148725,959.8382554164019,136.90787395422703,1.6895137496153398
867,1,961.4863636363636,147.78181818181818,-95.83675712854895,962.6660201271354,159.3216799905133,960.3067071455919,136.24195637312306,1.6728370232534928
868,1,962.3026315789474,147.92543859649123,-100.72146307958786,964.4606339885801,159.3229394453624,960.1446291693147,136.52793774762006,1.8175900666877396
869,1,962.0088105726873,147.95154185022025,-97.70390107003783,963.6174544651072,159.84323074740303,960.4001666802673,136.05985295303748,1.9077700992604851
870,1,859.0745098039216,950.6313725490196,-128.61160533084495,865.5645037751248,958.7578710725995,852.5845158327185,942.5048740254397,1.9324249123203654
871,1,858.3966244725739,948.4852320675105,-130.7721422005628,865.1883701393575,956.3612837939611,851.6048788057902,940.60918034106,2.2206857567545257
872,1,858.2511013215859,947.0440528634361,39.66644432717009,850.2454566937988,940.4055549841277,866.256745949373,953.6825507427446,2.042370729434231
873,1,858.6092715231788,965.5070955534532,3.0416920843159865,830.2492818017442,964.0001174513803,886.9692612446133,967.014073655526,6.43894130451575
874,1,857.322,962.645,3.278172184674276,829.7671625927803,961.0667302316498,884.8768374072197,964.2232697683502,7.806137183101052
875,1,857.9032882011605,961.8239845261122,3.618181891187197,831.1567072309634,960.1327109217858,884.6498691713576,963.5152581304386,6.457445577227551
876,1,856.8657587548638,959.704280155642,4.215400866816558,829.3404235148251,957.6755071462866,884.3910939949025,961.7330531649974,6.705639304547368
877,1,962.7717842323651,151.3278008298755,-88.42423216278496,962.4527973391127,162.92341411085093,963.0907711256175,139.7321875489001,3.5212307277981263
878,1,962.7958333333333,151.3375,-88.19985335016783,962.4314388522187,162.93177516760463,963.160227814448,139.74322483239538,3.5215399691074256
879,1,963.5236220472441,151.16141732283464,-86.37818947674076,962.765576896161,163.1374503700886,964.2816671983272,139.18538427558067,3.6102729554359283
880,1,962.4353448275862,148.06034482758622,-96.42571342317527,963.8230896868467,160.38244546853198,961.0475999683256,135.73824418664046,2.165258039965268
881,1,961.6863636363636,147.88636363636363,-93.72167517239535,962.4393175277429,159.46190079182458,960.9334097449843,136.31082648090268,1.8286306587854348
882,1,960.9571428571429,147.76666666666665,-91.72649995063189,961.2825311832758,158.56176381478053,960.6317545310101,136.97156951855277,1.542785878424604
883,1,961.3440366972477,147.6834862385321,-90.29151663094473,961.3989860505387,158.48334644913544,961.2890873439567,136.88362602792878,1.6713053693790345
884,1,961.6175115207374,147.75115207373273,-95.60871858013982,962.6339486600828,158.10136248423933,960.601074381392,137.40094166322612,1.5871955611114807
885,1,962.9834024896265,147.97510373443984,-87.34468357422705,962.4460043395482,159.56264891140862,963.5208006397049,136.38755855747107,2.5624016177521827
886,1,962.6030927835052,146.7422680412371,-89.83819059328826,962.5703331869207,158.34222178290486,962.6358523800897,135.14231429956936,2.842259888916109
887,1,962.6717948717949,146.5794871794872,-89.43335628665214,962.5531192245867,158.5789003355861,962.7904705190031,134.58007402338828,2.7703812586491376
888,1,962.981220657277,147.8356807511737,-91.1027185645853,963.2121592357203,159.83345835258748,962.7502820788338,135.8379031497599,2.646039952464292
889,1,961.8697674418605,148.1627906976744,-89.60527359364747,961.7870967905932,160.1625059261046,961.9524380931279,136.16307546924423,2.3550972372713463
890,1,961.8935185185185,147.96296296296296,-85.34622774879918,960.9199060944736,159.92340103385925,962.8671309425633,136.00252489206667,2.311935323460641
891,1,963.0046728971963,147.8177570093458,-94.28923464755046,963.9320858051692,160.18302713571688,962.0772599892234,135.4524868829747,2.658168919484546
892,1,963.4196428571429,147.79464285714286,-93.1550103172327,964.1021077841233,160.17584803367723,962.7371779301625,135.4134376806085,2.669084324861493
893,1,963.3362831858407,147.7787610619469,-98.30355281396423,965.1270609240966,160.04876982690575,961.5455054475848,135.50875229698806,2.546800725168725
894,1,961.6648044692737,147.06703910614524,-94.25825685498536,962.5261300177727,158.6350172483922,960.8034789207746,135.4990609638983,2.522726793646741
895,1,961.7577319587629,146.5,-88.10399039803403,961.3871735634056,157.69386825345154,962.1282903541202,135.30613174654846,2.290998774289521
896,1,961.8153846153846,146.4923076923077,-92.04195897430411,962.22870843106,158.0849417080694,961.4020607997091,134.89967367654597,2.2265555884765513
897,1,962.3536585365854,147.83739837398375,-97.92096026676595,964.0624639802398,160.11909141508102,960.6448530929309,135.55570533288648,1.974240858006163
898,1,961.8829268292683,146.04390243902438,-99.24138251336437,963.8100562220294,157.88814881874632,959.9557974365072,134.19965605930244,1.861428986484333
899,1,962.1626794258373,146.0909090909091,-99.30767835365172,964.1682067025814,158.3276513184072,960.1571521490931,133.854166863411,1.9988187460373315
