frame,x,y,z,qw,qx,qy,qz,confidence,valid
0,4.008154163085308,21.870742393207944,1.0,0.704916241789737,0.7049162417900874,-0.05561331230013319,-0.05561331230007757,1.0,1
1,4.007156645277753,21.879287278535777,1.0,0.7051849441268789,0.7051849441272295,-0.05209552007992125,-0.052095520079869145,1.0,1
2,4.00696260978713,21.887292297068807,1.0,0.7039328491181771,0.703932849118526,-0.06692003939770313,-0.06692003939763622,1.0,1
3,4.0068291328937455,21.895877700605432,1.0,0.7036270445135108,0.7036270445138592,-0.0700623276125609,-0.07006232761249084,1.0,1
4,4.007045294548187,21.903658540861557,1.0,0.7038158495925149,0.7038158495928636,-0.06813954445925743,-0.06813954445918928,1.0,1
5,4.006672131054705,21.907373732844967,1.0,0.7053451143083604,0.7053451143087115,-0.049880040808916545,-0.049880040808866655,1.0,1
6,4.006419645727478,21.91024085238592,1.0,0.7070131329718443,0.7070131329721977,0.01149694477807295,0.011496944778061452,1.0,1
7,4.010321682543376,21.90153451119484,1.0,0.5393562379232664,0.5393562379233423,0.45726843201840967,0.4572684320179525,1.0,1
8,4.0084053978213605,21.90836018303308,1.0,0.33765344021211413,0.33765344021245186,0.6212807984081186,0.6212807984078997,1.0,1
9,4.002258518869827,21.928443587699267,1.0,0.3405637333914971,0.3405637333918376,0.6196902597198223,0.619690259719606,1.0,1
10,3.9931835363853705,21.955094087244277,1.0,0.39406357051963914,0.39406357052003327,0.5871231044421205,0.5871231044419593,1.0,1
11,3.9811745745202685,21.98918297817129,1.0,0.5451076338929274,0.5451076338930139,0.4503967659724597,0.4503967659720094,1.0,1
12,3.969201602704348,22.026679482555195,1.0,0.6792116347234549,0.679211634723766,0.19665015713158351,0.19665015713138684,1.0,1
13,3.954110846567547,22.064843989979774,1.0,0.6982175810083595,0.6982175810086996,0.11176740654067806,0.11176740654056627,1.0,1
14,3.9402300264693677,22.098420719805727,1.0,0.7037025120649716,0.7037025120653201,0.0693002315213072,0.06930023152123789,1.0,1
15,3.9293596429620976,22.12331748079997,1.0,0.7052940575393039,0.7052940575396548,0.050596848845959226,0.050596848845908635,1.0,1
16,3.9206595349355666,22.142957784533998,1.0,0.705783144359544,0.7057831443598956,0.04324236579440439,0.043242365794361144,1.0,1
17,3.906701760165389,22.152403744445866,1.0,0.7062550807055008,0.706255080705853,0.034691647041633966,0.03469164704159927,1.0,1
18,3.8989325250877473,22.163296617178894,1.0,0.7055698346084982,0.7055698346088496,0.04659353388966483,0.04659353388961823,1.0,1
19,3.9021317116385688,22.167376703373073,1.0,0.7053190822321973,0.7053190822325481,0.050246800598222424,0.05024680059817217,1.0,1
20,3.901033603564542,22.174394187674938,1.0,0.7053599752816065,0.7053599752819575,0.04966944766243676,0.04966944766238708,1.0,1
21,3.8966430572248907,22.185806968312647,1.0,0.7060130071714308,0.7060130071717825,0.03931135878685134,0.03931135878681203,1.0,1
22,3.8868564978833318,22.20202220351843,1.0,0.7068806535312105,0.7068806535315637,0.017874325258349193,0.01787432525833132,1.0,1
23,3.872643513894578,22.22153042963652,1.0,0.7071054103318135,0.7071054103321671,-0.0012994916826565167,-0.001299491682655217,1.0,1
24,3.8470294093522863,22.237135922571326,1.0,0.7068659331084428,0.706865933108796,-0.018447288160159264,-0.018447288160140813,1.0,1
25,3.8345956081331325,22.261976887439236,1.0,0.7064400719551504,0.7064400719555031,-0.03069485728956561,-0.03069485728953491,1.0,1
26,3.824978982684277,22.30131282486222,1.0,0.7057961730738634,0.705796173074215,-0.04302918945431535,-0.04302918945427232,1.0,1
27,3.811394463227721,22.35013699002358,1.0,0.7053488960507303,0.7053488960510812,-0.04982653502385566,-0.04982653502380583,1.0,1
28,3.8195134088871368,22.388719629950174,1.0,0.70582120070667,0.7058212007070216,-0.04261668360625961,-0.04261668360621699,1.0,1
29,3.8095890807426747,22.323626770110295,1.0,0.7057229538313247,0.7057229538316763,-0.04421381519757906,-0.044213815197534846,1.0,1
30,3.7966123129215386,22.362131750113473,1.0,0.7068615265923219,0.7068615265926752,-0.01861537134162011,-0.0186153713416015,1.0,1
31,3.7927916366989147,22.475054191329754,1.0,0.7060514859361899,0.7060514859365418,0.038614096642888215,0.03861409664284961,1.0,1
32,3.792390189682911,22.645111511420133,1.0,0.6890203084164603,0.6890203084167866,0.1589048498090399,0.15890484980888098,1.0,1
33,3.7994672204691318,22.850536442522884,1.0,0.6114409409672285,0.6114409409674311,0.3551614300002111,0.3551614299998559,1.0,1
34,3.806763719536406,23.070772074387836,1.0,0.4896979805295017,0.4896979805299914,0.5100935281469628,0.5100935281469431,1.0,1
35,3.8424305709133937,23.275566656409648,1.0,0.42377227323370076,0.4237722732341246,0.5660535931531986,0.5660535931530742,1.0,1
36,3.8735039978660217,23.459309719157936,1.0,0.3813496865584394,0.3813496865588208,0.5954595402078311,0.5954595402076556,1.0,1
37,3.892952466853787,23.589654455764244,1.0,0.36313783258136906,0.36313783258173216,0.6067376492315933,0.6067376492313987,1.0,1
38,3.8967914162503865,23.625341935387006,1.0,0.37197368904167605,0.371973689042048,0.6013611469067129,0.6013611469065273,1.0,1
39,3.8561162362016157,23.516947480201207,1.0,0.3529357290195779,0.3529357290199308,0.6127283559911704,0.6127283559909658,1.0,1
40,3.8246122485956713,23.482808223978886,1.0,0.3358275258191734,0.33582752581950925,0.6222696763368185,0.6222696763365981,1.0,1
41,3.8062931861661817,23.65908414268459,1.0,0.28465787507248147,0.28465787507276613,0.6472786075630043,0.6472786075627431,1.0,1
42,3.785085797025997,23.39829330972104,1.0,0.30047915764863337,0.30047915764893385,0.6400874711528578,0.6400874711526081,1.0,1
43,3.7829174830985584,23.220301887410166,1.0,0.3040102192996785,0.30401021929998245,0.6384179507749418,0.6384179507746951,1.0,1
44,3.78902208400558,23.090837321153884,1.0,0.31352525160220973,0.31352525160252326,0.6337993416152924,0.633799341615053,1.0,1
45,3.848851274664746,23.108214073862186,1.0,0.3165153369772027,0.3165153369775192,0.6323114175912052,0.6323114175909683,1.0,1
46,3.869643123945487,23.107775400991642,1.0,0.29013033446833064,0.2901303344686208,0.6448442357762773,0.64484423577602,1.0,1
47,3.8314411388206175,23.277506921125187,1.0,0.24595989116583616,0.24595989116608213,0.662950561902119,0.6629505619018331,1.0,1
48,3.7998943531973515,23.18973301777004,1.0,0.24523312904010347,0.24523312904034872,0.6632197435546292,0.6632197435543429,1.0,1
49,3.783942887596065,22.68053865087191,1.0,0.3535344243043832,0.35353442430473664,0.6123831133452944,0.6123831133450903,1.0,1
50,3.757934747641307,22.33025992455886,1.0,0.42699273919767755,0.4269927391981046,0.5636282526551771,0.563628252655057,1.0,1
51,3.724307621615275,22.171399288149054,1.0,0.4300793686681301,0.4300793686685603,0.561276527088414,0.5612765270882981,1.0,1
52,3.6786043650987805,21.664015192098308,1.0,0.6260402414315132,0.6260402414317398,0.3287450336830993,0.3287450336827705,1.0,1
53,3.6477380480365293,21.5651360153317,1.0,0.6446127417111784,0.6446127417114353,0.2906443056384956,0.2906443056382049,1.0,1
54,3.627440964466284,21.654661295898467,1.0,0.6313997758505902,0.6313997758508255,0.3183300323724658,0.31833003237214746,1.0,1
55,3.635802850812125,22.279748167400033,1.0,0.48781165064618454,0.48781165064667237,0.5118977597787031,0.5118977597786797,1.0,1
56,3.6093977765302756,22.56616110449621,1.0,0.3597985485509552,0.3597985485513151,0.6087238019987299,0.6087238019985318,1.0,1
57,3.573505301255016,22.72879679702796,1.0,0.2950501024584313,0.29505010245872637,0.6426080721062373,0.6426080721059837,1.0,1
58,3.5918866731266745,22.278808487673505,1.0,0.3466366056100176,0.34663660561036425,0.6163138279870309,0.6163138279868203,1.0,1
59,3.631926927214855,21.38408510127355,1.0,0.5258125985574595,0.52581259855751,0.47277971517910905,0.4727797151786362,1.0,1
60,3.6494452899329586,20.599545738284185,1.0,0.5855643274031361,0.5855643274032949,0.3963761520580094,0.39637615205761306,1.0,1
61,3.6613214076411484,19.808262663203443,1.0,0.6199931718435694,0.6199931718437862,0.34001197284577994,0.3400119728454399,1.0,1
62,3.667758915890993,19.124212258490825,1.0,0.6345581827941634,0.6345581827944041,0.3119865417239449,0.31198654172363294,1.0,1
63,3.662332219587299,18.64678719968319,1.0,0.6302165620583511,0.6302165620585847,0.3206661350740583,0.32066613507373753,1.0,1
64,3.6458037851365175,18.527370844080693,1.0,0.6093187308109184,0.6093187308111173,0.3587901163641189,0.35879011636376007,1.0,1
65,3.622602302030662,18.876104857979495,1.0,0.5578637542998414,0.5578637542999512,0.4344969850108981,0.4344969850104637,1.0,1
66,3.6133149490959275,18.881091498720266,1.0,0.5329713120116076,0.5329713120116714,0.46469467451537666,0.4646946745149119,1.0,1
67,3.603946220609489,18.939329870777044,1.0,0.5279877588514778,0.5279877588515322,0.4703493149852203,0.4703493149847499,1.0,1
68,3.599497339164374,18.976233823934027,1.0,0.5245409776580582,0.5245409776581061,0.47419016064168107,0.47419016064120695,1.0,1
69,3.595242895962507,19.015823525002503,1.0,0.5180643559710497,0.5180643559710852,0.48125757898865135,0.4812575789881701,1.0,1
70,3.5916043705092124,19.0314895549023,1.0,0.502634938271766,0.5026349382717712,0.49735060476266646,0.4973506047621691,1.0,1
71,3.589368859509582,19.056270053341585,1.0,0.4892427810098466,0.48924278101033586,0.5105301378402528,0.5105301378402319,0.5,1
72,3.5884722337502666,19.078082513812294,1.0,0.47369793472165334,0.473697934722127,0.5249855360874137,0.5249855360873649,0.5,1
73,3.5874873851803297,19.095204991577337,1.0,0.4556728668494979,0.4556728668499537,0.5407049203262695,0.5407049203261911,0.5,1
74,3.586127373890828,19.10987938606656,1.0,0.4410050535293633,0.44100505352980435,0.5527333295681607,0.5527333295680602,0.5,1
75,3.585231572336897,19.130338027345616,1.0,0.42534995508028983,0.4253499550807152,0.5648690325717907,0.5648690325716683,0.5,1
76,3.5860186709630764,19.160563940318514,1.0,0.4125425524079848,0.4125425524083973,0.5742893551555384,0.5742893551553996,0.5,1
77,3.5888604354202776,19.200272960647997,1.0,0.404934869148526,0.4049348691489309,0.5796786866484979,0.5796786866483495,0.5,1
78,3.59015757591376,19.215583265073654,1.0,0.3890946044109304,0.38909460441131954,0.5904278366123047,0.5904278366121377,1.0,1
79,3.624107808562631,19.065141842946606,1.0,0.3689889691279732,0.3689889691283421,0.6031971461397058,0.603197146139517,1.0,1
80,3.605313979483142,19.087827799706012,1.0,0.36355749050472363,0.36355749050508723,0.6064862828319849,0.6064862828317907,1.0,1
81,3.5904520918326273,19.337597072203724,1.0,0.3681320746579888,0.36813207465835696,0.6037204921589002,0.6037204921587106,1.0,1
82,3.5405321180830858,19.64628229556351,1.0,0.3800555603846714,0.3800555603850515,0.596286356929641,0.596286356929464,1.0,1
83,3.4705849391508066,20.008686323598557,1.0,0.4036735558642752,0.4036735558646788,0.5805577399608173,0.5805577399606675,1.0,1
84,3.3844160567701054,20.3407628745467,1.0,0.4308341003761716,0.4308341003766024,0.5606974053332072,0.5606974053330924,1.0,1
85,3.2906819900270547,20.5999985352258,1.0,0.4590245734581318,0.4590245734585909,0.5378624441978503,0.5378624441977772,1.0,1
86,3.2069639545435455,20.80779192730804,1.0,0.48866890560432896,0.48866890560481757,0.5110794675383764,0.5110794675383545,1.0,1
87,3.133805318855877,20.894066342687214,1.0,0.5346401471879719,0.5346401471880389,0.46277367655044854,0.46277367654998575,1.0,1
88,3.067829620860278,20.785020344566565,1.0,0.4778434979531975,0.4778434979536754,0.5212150528705269,0.5212150528704853,1.0,1
89,3.0649251034378833,20.581667062648737,1.0,0.44820288322450774,0.448202883224956,0.5469129341753947,0.5469129341753048,1.0,1
90,3.076010733951557,20.608342566899996,1.0,0.4916871832145549,0.4916871832150466,0.5081763766872682,0.508176376687252,1.0,1
91,3.1504455177353754,20.752869097993536,1.0,0.5852809745812638,0.5852809745814219,0.39679442522235586,0.39679442522195907,1.0,1
92,3.2117469147129367,20.83296978370212,1.0,0.6607133189075125,0.6607133189077948,0.25190796707777496,0.25190796707752305,1.0,1
93,3.295017128029051,21.00366627992542,1.0,0.6995555374589136,0.6995555374592558,0.10306209091813351,0.10306209091803044,1.0,1
94,3.3669798142546163,21.14753847099537,1.0,0.7040547405884083,0.7040547405887575,0.06562522444115407,0.06562522444108844,1.0,1
95,3.4204910618387583,21.215049832130234,1.0,0.6946419004272427,0.6946419004275776,0.13218309694635835,0.13218309694622615,0.5,1
96,3.453693421451928,21.20286826337935,1.0,0.6355124449432569,0.635512444943499,0.310038098984152,0.310038098983842,1.0,1
97,3.4537189233190904,21.035334444110372,1.0,0.5432306873446203,0.5432306873447034,0.4526588083113862,0.4526588083109335,1.0,1
98,3.42540701949262,20.71728500708304,1.0,0.4064302447487911,0.40643024474919753,0.5786312148616508,0.5786312148615043,1.0,1
99,3.4070718086682583,20.377811511097054,1.0,0.45387673787061866,0.4538767378710726,0.5422135019008878,0.5422135019008065,0.5,1
100,3.3983388070404428,19.937923611822914,1.0,0.6297966412760118,0.6297966412762447,0.32149008615135977,0.32149008615103825,0.5,1
101,3.3920508950785817,19.351495682393292,1.0,0.7020731922154524,0.7020731922157986,0.08421982649525582,0.0842198264951716,0.5,1
102,3.339324251544181,18.311315931991786,1.0,0.707079537073998,0.7070795370743514,-0.00618694044583472,-0.006186940445828532,0.5,1
103,3.362266955280604,17.44331924598414,1.0,0.7064090690559043,0.7064090690562567,-0.03140026531113719,-0.03140026531110579,1.0,1
104,3.4562951940436646,16.74476285380016,1.0,0.706843705303289,0.7068437053036422,-0.019280199353648747,-0.019280199353629464,0.5,1
105,3.5994493049742253,16.320848905869376,1.0,0.7070498743179461,0.7070498743182996,-0.00895685139196272,-0.008956851391953761,0.5,1
106,3.781495286854765,16.22949749723583,1.0,0.7071042599407396,0.707104259941093,0.0018208712203850162,0.0018208712203831956,1.0,1
107,3.9854869341984682,16.48049954725603,1.0,0.706974862809762,0.7069748628101153,0.013648928966671478,0.013648928966657828,1.0,1
108,4.190212166494788,17.033007670479027,1.0,0.7066509626686579,0.7066509626690108,0.025380438076622002,0.02538043807659662,1.0,1
109,4.385860952785262,17.815505402453933,1.0,0.7061153909903186,0.7061153909906708,0.037427314948067086,0.037427314948029665,1.0,1
110,4.549482023004568,18.613668696043003,1.0,0.70453731919375,0.7045373191940995,0.06022386600494792,0.06022386600488769,0.5,1
111,4.661782254819133,19.25488379478378,1.0,0.6994745565537482,0.6994745565540903,0.1036102757869011,0.1036102757867975,0.5,1
112,4.709615325643152,19.56313632471366,1.0,0.679087812781465,0.6790878127817759,0.1970773235977482,0.19707732359755112,0.5,1
113,4.768873965740085,19.990341071971983,1.0,0.5830688811272513,0.5830688811274055,0.4000378884321869,0.4000378884317869,1.0,1
114,4.816233817957193,20.415107165880034,1.0,0.49783140141681004,0.4978314014173079,0.5021587398953701,0.5021587398953659,0.5,1
115,4.81695396960982,20.740325088842066,1.0,0.4518498558428451,0.451849855843297,0.54390374629797,0.5439037462978857,0.5,1
116,4.788116549798739,20.974067370190234,1.0,0.41063651137661517,0.4106365113770258,0.5756537833726475,0.5756537833725062,0.5,1
117,4.753439082818794,21.256653882616096,1.0,0.39962214997848483,0.3996221499788845,0.5833538976692432,0.5833538976690883,1.0,1
118,4.724227567492885,21.543666733484347,1.0,0.3986681734516254,0.39866817345202415,0.5840062679254833,0.5840062679253274,1.0,1
119,4.714021811707931,21.835786772264687,1.0,0.39712328481651027,0.39712328481690745,0.5850578872833115,0.5850578872831538,1.0,1
120,4.718032159949414,22.09636673356078,1.0,0.4084587634137551,0.4084587634141636,0.5772010597677001,0.577201059767556,1.0,1
121,4.708222078772684,22.30175913827136,1.0,0.4271928786185809,0.4271928786190081,0.5634765751691632,0.5634765751690435,1.0,1
122,4.68673885913105,22.458017452566285,1.0,0.4444959054908958,0.4444959054913402,0.5499299743365123,0.5499299743364169,1.0,1
123,4.656257408860232,22.532216729443213,1.0,0.4576943088174081,0.4576943088178658,0.5389948881082214,0.5389948881081463,1.0,1
124,4.6189610949855595,22.589565846027,1.0,0.49217778150214947,0.4921777815026417,0.5077012373922983,0.5077012373922829,1.0,1
125,4.567150172042625,22.516746912531715,1.0,0.4853105585704129,0.4853105585708983,0.5142695685169776,0.5142695685169495,1.0,1
126,4.511437695645574,22.39525792015709,1.0,0.47811147121481545,0.4781114712152935,0.5209692510441343,0.5209692510440933,1.0,1
127,4.475284156440062,22.339449963348347,1.0,0.4803741957841883,0.48037419578466867,0.518883578228737,0.5188835782286999,1.0,1
128,4.455331514746517,22.269434087667186,1.0,0.47579507291840895,0.47579507291888484,0.5230856447528837,0.5230856447528384,1.0,1
129,4.45292152459361,22.194246397780386,1.0,0.4697981347825674,0.46979813478303717,0.5284782540374398,0.5284782540373844,1.0,1
130,4.465067006492888,22.09157473820027,1.0,0.4664629373975389,0.46646293739800543,0.531424392946742,0.5314243929466811,1.0,1
131,4.465699903327059,21.93756081591304,1.0,0.4612203778734895,0.46122037787395076,0.5359807159888167,0.5359807159887471,1.0,1
132,4.462782829374061,21.753952277702396,1.0,0.4524918121439267,0.4524918121443792,0.5433697972596917,0.5433697972596083,0.5,1
133,4.450913091443979,21.52296439468383,1.0,0.4395617894049139,0.43956178940535345,0.5538817796642431,0.5538817796641406,0.5,1
134,4.434662785044897,21.327917306908503,1.0,0.4256634511030256,0.42566345110345133,0.5646328314158016,0.5646328314156798,0.5,1
135,4.414712159817896,21.153320049633493,1.0,0.4180737054076915,0.41807370540810956,0.5702753654899707,0.5702753654898388,1.0,1
136,4.202893348309758,22.232701523173013,1.0,0.41145078617581726,0.41145078617622877,0.575072058596625,0.5750720585964848,0.5,1
137,4.23461425371492,21.894268489157945,1.0,0.4122320967757261,0.41223209677613837,0.574512245016739,0.5745122450165996,1.0,1
138,4.466792950462506,20.372662245888208,1.0,0.44115808334498496,0.44115808334542617,0.5526111980157943,0.552611198015694,0.5,1
139,4.905680111605236,17.640255031522024,1.0,0.5298878829512207,0.5298878829512786,0.46820763162894247,0.4682076316284743,0.5,1
140,5.58662330830927,13.495556907313832,1.0,0.6596972117571305,0.6596972117574111,0.2545570693894548,0.25455706938920025,1.0,1
141,6.562912056517175,7.6278180959946615,1.0,0.7005130739919974,0.700513073992341,0.09633887293267179,0.09633887293257545,1.0,1
142,7.861134527230261,-0.09423034109942859,1.0,0.7057614810580051,0.7057614810583566,0.04359450539859333,0.04359450539854973,0.5,1
143,9.381359246808916,-9.066179149366764,1.0,0.7065140003893161,0.7065140003896688,0.028943338341064162,0.028943338341035213,0.5,1
144,10.700994243253858,-16.61973782652424,1.0,0.7066146270869964,0.7066146270873493,0.026372683565809955,0.026372683565783577,0.5,1
145,11.031907672331268,-18.03076642737743,1.0,0.7065963023574638,0.7065963023578167,0.02685917224212076,0.0268591722420939,0.5,1
146,9.916447055569321,-10.748212208842455,1.0,0.7065144163253525,0.7065144163257053,0.0289331834608833,0.028933183460854366,0.5,1
147,9.941038396612834,-10.33959841617534,1.0,0.7065271467572929,0.7065271467576457,0.028620630404614895,0.028620630404586272,0.5,1
148,9.96468429538235,-9.944581326140156,1.0,0.7065393841119211,0.7065393841122738,0.028316925983947513,0.028316925983919196,0.5,1
149,9.984671202495711,-9.59419173441868,1.0,0.7065421200688751,0.7065421200692278,0.028248578175752957,0.02824857817572471,0.5,1
150,9.999937301206376,-9.306650253958246,1.0,0.7065314589852995,0.7065314589856522,0.028513980025938263,0.028513980025909748,0.5,1
151,10.000399880318186,-8.989384303559854,1.0,0.706562548100577,0.7065625481009298,0.027732926936603525,0.02773292693657579,1.0,1
152,9.998324471218428,-8.774561822053762,1.0,0.7065745246159828,0.7065745246163357,0.02742609682468372,0.02742609682465629,0.5,1
153,10.00361367675634,-8.754489882435726,1.0,0.7065224267528812,0.706522426753234,0.02873691148388448,0.02873691148385574,1.0,1
154,10.031734425539787,-9.103008202465535,1.0,0.7062194862244363,0.7062194862247886,0.03540884986025135,0.03540884986021593,1.0,1
155,10.077807335546828,-9.704879998229025,1.0,0.7057023113745899,0.7057023113749413,0.04454207813533215,0.04454207813528762,1.0,1
156,10.329076222610155,-11.457523181304694,1.0,0.7051345891084333,0.705134589108784,0.05277271873426346,0.05277271873421068,0.5,1
157,10.559922337010127,-13.038421415912604,1.0,0.7044154267048979,0.7044154267052474,0.06163322729092405,0.06163322729086241,0.5,1
158,10.555752749162275,-13.260680805952463,1.0,0.7032742127046737,0.7032742127050214,0.07351958251058147,0.07351958251050794,1.0,1
159,10.1735869749287,-11.280800390812763,1.0,0.7012241919971535,0.7012241919974983,0.09101856044771935,0.09101856044762834,1.0,1
160,9.411865583658019,-7.050731714865482,1.0,0.6975178044020931,0.6975178044024323,0.11605453727170166,0.11605453727158559,1.0,1
161,8.40551869780116,-1.3229014645655204,1.0,0.6915063569270238,0.6915063569273536,0.14771153280100163,0.14771153280085395,0.5,1
162,7.34692901376997,4.703791759878891,1.0,0.6794832179323274,0.6794832179326387,0.19570969778850358,0.19570969778830788,0.5,1
163,6.299384134100236,10.635010381349943,1.0,0.6507207744287892,0.6507207744290558,0.2766987143522064,0.27669871435192966,0.5,1
164,5.250043316262587,16.41948419962314,1.0,0.5887904695519754,0.5887904695521397,0.39156790266335845,0.39156790266296687,0.5,1
165,4.556226353203348,20.233498403050923,1.0,0.5514407236536768,0.5514407236537748,0.4426202856062558,0.4426202856058131,0.5,1
166,4.696166408096744,19.801756678481837,1.0,0.5830876007044272,0.5830876007045814,0.40001060267026645,0.4000106026698664,0.5,1
167,4.795807176800396,19.316897728120903,1.0,0.6052118628890265,0.6052118628892188,0.3656750740085536,0.3656750740081879,1.0,1
168,4.862593090997191,18.7655547067743,1.0,0.614814248339176,0.614814248339384,0.34928943492282055,0.3492894349224712,1.0,1
169,4.589450472272586,19.723583411600284,1.0,0.568382197650193,0.5683821976503216,0.4206438998343442,0.4206438998339236,0.5,1
170,4.63625187998507,19.03652836314189,1.0,0.5570178988723173,0.5570178988724255,0.43558082770039086,0.43558082769995526,1.0,1
171,,,,,,,,0.0,0
172,,,,,,,,0.0,0
173,,,,,,,,0.0,0
174,,,,,,,,0.0,0
175,,,,,,,,0.0,0
176,,,,,,,,0.0,0
177,,,,,,,,0.0,0
178,,,,,,,,0.0,0
179,,,,,,,,0.0,0
180,,,,,,,,0.0,0
181,,,,,,,,0.0,0
182,5.545376202884809,15.231210327097434,1.0,0.6369561849800265,0.636956184980271,0.30706108564356194,0.30706108564325485,1.0,1
183,5.87566549510414,12.823470477149279,1.0,0.6800528920137808,0.6800528920140932,0.19372091724238802,0.19372091724219428,1.0,1
184,5.457254329352493,13.284272738119023,1.0,0.6899609385544291,0.6899609385547568,0.15476963749281433,0.15476963749265954,1.0,1
185,,,,,,,,0.0,0
186,,,,,,,,0.0,0
187,,,,,,,,0.0,0
188,,,,,,,,0.0,0
189,,,,,,,,0.0,0
190,,,,,,,,0.0,0
191,,,,,,,,0.0,0
192,,,,,,,,0.0,0
193,,,,,,,,0.0,0
194,,,,,,,,0.0,0
195,,,,,,,,0.0,0
196,,,,,,,,0.0,0
197,,,,,,,,0.0,0
198,,,,,,,,0.0,0
199,,,,,,,,0.0,0
200,,,,,,,,0.0,0
201,,,,,,,,0.0,0
202,,,,,,,,0.0,0
203,,,,,,,,0.0,0
204,,,,,,,,0.0,0
205,,,,,,,,0.0,0
206,,,,,,,,0.0,0
207,,,,,,,,0.0,0
208,,,,,,,,0.0,0
209,,,,,,,,0.0,0
210,,,,,,,,0.0,0
211,,,,,,,,0.0,0
212,,,,,,,,0.0,0
213,,,,,,,,0.0,0
214,,,,,,,,0.0,0
215,,,,,,,,0.0,0
216,,,,,,,,0.0,0
217,4.4807015364058085,15.808764966730624,1.0,0.6833121327209359,0.6833121327212535,0.18189079570488312,0.1818907957047012,1.0,1
218,3.5989573070739675,17.420284868411713,1.0,0.6819876931909766,0.681987693191292,0.18679538961392023,0.18679538961373346,1.0,1
219,,,,,,,,0.0,0
220,,,,,,,,0.0,0
221,,,,,,,,0.0,0
222,,,,,,,,0.0,0
223,,,,,,,,0.0,0
224,,,,,,,,0.0,0
225,,,,,,,,0.0,0
226,,,,,,,,0.0,0
227,,,,,,,,0.0,0
228,,,,,,,,0.0,0
229,,,,,,,,0.0,0
230,,,,,,,,0.0,0
231,,,,,,,,0.0,0
232,3.0341143772134216,16.72613439993146,1.0,0.6911486895054089,0.6911486895057383,0.14937612699905523,0.14937612699890582,1.0,1
233,2.1476244144749175,18.58938466837972,1.0,0.6848652834335106,0.6848652834338305,0.17595248519472756,0.1759524851945516,1.0,1
234,1.3766948403357115,20.918170385266226,1.0,0.6643410890259073,0.6643410890261954,0.24217893015208616,0.24217893015184397,1.0,1
235,0.8080846388584896,23.462846935971115,1.0,0.5854707570368126,0.5854707570369712,0.3965143477676535,0.3965143477672569,1.0,1
236,0.6684661898591617,23.62598909725356,1.0,0.5775404455208505,0.5775404455209953,0.4079787482639532,0.40797874826354524,1.0,1
237,0.897446642986086,22.373297011491324,1.0,0.6080913290580056,0.6080913290582027,0.36086645380466165,0.3608664538043008,1.0,1
238,0.8710870794268903,22.361168073947635,1.0,0.6095016435539216,0.609501643554121,0.35847930208691586,0.3584793020865573,1.0,1
239,0.8805042368306367,22.45763704523208,1.0,0.6303444815676511,0.6303444815678849,0.3204146063476433,0.32041460634732283,1.0,1
240,0.856082119948843,22.463412009701518,1.0,0.6272958828193996,0.6272958828196283,0.32634269983606934,0.326342699835743,1.0,1
241,0.8313973724120745,22.468500593177055,1.0,0.6239067989003247,0.623906798900548,0.3327761787807985,0.33277617878046567,1.0,1
242,0.8113158329047084,22.483792525386516,1.0,0.6124638931894215,0.6124638931896258,0.35339446275498426,0.3533944627546309,1.0,1
243,0.7909696173798482,22.49828253199984,1.0,0.5905458527591286,0.5905458527592958,0.388915463000361,0.38891546299997204,1.0,1
244,0.7716636550892509,22.522223242523562,1.0,0.5623997226895678,0.5623997226896857,0.4286095620919349,0.4286095620915063,1.0,1
245,0.7514701473348402,22.548694884805943,1.0,0.5172624258347513,0.5172624258347854,0.4821193997715139,0.48211939977103174,1.0,1
246,0.7422122818948126,22.590686809071347,1.0,0.5212543427296599,0.5212543427297016,0.47780063847824544,0.4778006384777676,1.0,1
247,0.7332236800192536,22.650940561044365,1.0,0.506708792355824,0.5067087923558373,0.49319946563466704,0.49319946563417394,1.0,1
248,0.7291448072033302,22.71637443971515,1.0,0.49765639092331,0.4976563909238076,0.5023321821318735,0.5023321821318688,1.0,1
249,0.7333089933229558,22.79284815241413,1.0,0.5155958221027458,0.5155958221027767,0.4839013102085758,0.48390131020809185,1.0,1
250,0.7479908728187792,22.87729907767511,1.0,0.5618266967140256,0.5618266967141425,0.429360416026884,0.42936041602645464,1.0,1
251,0.6228390511963204,24.104865263458883,1.0,0.6289471760823353,0.6289471760825667,0.323148779515506,0.3231487795151829,0.5,1
252,0.8296768317175565,22.9702756260038,1.0,0.6958186503539918,0.6958186503543282,0.12584175635500458,0.12584175635487876,0.5,1
253,1.0577204570433616,21.78445061694541,1.0,0.7059299620763319,0.7059299620766836,0.04077545596089282,0.040775455960852046,0.5,1
254,1.1222224391492748,21.762780889011506,1.0,0.7057341912368402,0.7057341912371917,0.04403408164151243,0.04403408164146839,0.5,1
255,1.3515681343605868,20.505623531987435,1.0,0.7061567827218739,0.706156782722226,0.03663806139677366,0.036638061396737025,1.0,1
256,,,,,,,,0.0,0
257,,,,,,,,0.0,0
258,,,,,,,,0.0,0
259,,,,,,,,0.0,0
260,,,,,,,,0.0,0
261,,,,,,,,0.0,0
262,,,,,,,,0.0,0
263,,,,,,,,0.0,0
264,,,,,,,,0.0,0
265,,,,,,,,0.0,0
266,,,,,,,,0.0,0
267,,,,,,,,0.0,0
268,1.732609507047925,18.114192550107,1.0,0.7064398481840216,0.7064398481843742,0.030700006931639413,0.03070000693160872,1.0,1
269,2.274196142738526,14.554443637322251,1.0,0.7066855788609602,0.706685578861313,0.024397588650820565,0.02439758865079617,1.0,1
270,2.9706109636131086,9.861352716019532,1.0,0.7068603489206554,0.7068603489210088,0.018660036161540845,0.018660036161522182,1.0,1
271,3.759638300179438,4.457522336963824,1.0,0.706982964473683,0.7069829644740364,0.013222626688894167,0.013222626688880943,1.0,1
272,4.450695911553385,-0.33396733353968383,1.0,0.7070730465369789,0.7070730465373325,0.006888892304619879,0.006888892304612991,0.5,1
273,4.705087123611336,-2.1295204098780682,1.0,0.7071027283059483,0.7071027283063018,-0.0023412858739073274,-0.0023412858739049864,0.5,1
274,6.299432249898708,-13.0559989515192,1.0,0.7070913549439438,0.7070913549442972,-0.00464389413686493,-0.004643894136860286,0.5,1
275,6.534144821272749,-14.612179302193894,1.0,0.7070936270520168,0.7070936270523702,-0.004283990341587697,-0.004283990341583413,0.5,1
276,5.696058414359107,-8.837281294365804,1.0,0.7071009161553038,0.7071009161556575,-0.0028362595628317402,-0.002836259562828904,0.5,1
277,5.69868259044933,-8.819215568026138,1.0,0.7071027411070797,0.7071027411074332,-0.0023374165487678234,-0.002337416548765486,1.0,1
278,5.700219835307386,-8.809714695413984,1.0,0.7071032686391326,0.7071032686394859,-0.0021719754823627327,-0.0021719754823605612,1.0,1
279,5.700945645054434,-8.809351865797298,1.0,0.7071029020957947,0.7071029020961485,-0.002288196907379863,-0.0022881969073775743,1.0,1
280,5.701091023029191,-8.817774279491246,1.0,0.7071017894094035,0.7071017894097571,-0.0026094847412540425,-0.0026094847412514327,1.0,1
281,5.70084281384001,-8.833702146129804,1.0,0.7071000925998474,0.707100092600201,-0.003034640124069567,-0.003034640124066532,1.0,1
282,5.700344028957176,-8.854923796789913,1.0,0.7070982544334724,0.7070982544338261,-0.0034363601720210375,-0.003436360172017601,1.0,1
283,5.699914088995384,-8.879998139793889,1.0,0.7070971034969771,0.7070971034973308,-0.003665544907231313,-0.003665544907227647,0.5,1
284,5.700683401669488,-8.908892460972334,1.0,0.7070955529694507,0.7070955529698044,-0.003953348329200392,-0.003953348329196439,0.5,1
285,5.7023740300793095,-8.935467203859776,1.0,0.7070946343823318,0.7070946343826852,-0.004114367418252518,-0.004114367418248404,0.5,1
286,5.705099802108768,-8.952905301317712,1.0,0.7070945263406482,0.7070945263410019,-0.0041328937264005295,-0.0041328937263963965,0.5,1
287,6.6526638652309265,-15.961195473042286,1.0,0.707102632336606,0.7071026323369597,-0.002370092790137473,-0.002370092790135103,1.0,1
288,6.395277186706953,-14.077426064750272,1.0,0.7070996192668814,0.7070996192672347,-0.003142996610276404,-0.003142996610273261,1.0,1
289,5.326795857825168,-6.176729532382832,1.0,0.7070963060665888,0.7070963060669423,0.0038162730120941445,0.0038162730120903277,1.0,1
290,3.645493220670671,6.422356291043971,1.0,0.7070983949534917,0.7070983949538452,0.003407322760013462,0.0034073227600100544,1.0,1
291,2.8542206237389847,12.316130831568582,1.0,0.7070598248496289,0.7070598248499825,0.00813351403335358,0.008133514033345444,1.0,1
292,2.47604818084416,15.100309428496832,1.0,0.7070228681150982,0.7070228681154517,0.010881815247452725,0.010881815247441843,1.0,1
293,2.361618160110064,15.928347585494746,1.0,0.7070635072544128,0.7070635072547664,0.007806835377532008,0.0078068353775242,1.0,1
294,2.4762280437377586,15.09592621386131,1.0,0.7071028348822701,0.7071028348826237,-0.0023088739228565424,-0.002308873922854233,1.0,1
295,2.8535722233082503,12.310212204683141,1.0,0.7069834207528859,0.7069834207532394,-0.013198207962503093,-0.013198207962489895,1.0,1
296,3.644150964738867,6.423945849391728,1.0,0.7068576947636419,0.7068576947639951,-0.018760308561750025,-0.018760308561731262,1.0,1
297,5.326167774156265,-6.143933134624146,1.0,0.7069631269542955,0.706963126954649,-0.01424384167000577,-0.014243841669991526,1.0,1
298,6.358558749271773,-14.04315270981815,1.0,0.7070841730905291,0.7070841730908827,-0.005632241917802396,-0.005632241917796764,1.0,1
299,6.584034923523051,-15.919594811302549,1.0,0.7071002666883213,0.7071002666886748,0.002993801066119654,0.00299380106611666,1.0,1
300,5.6369363544464015,-8.87000692203932,1.0,0.7071007849097496,0.707100784910103,-0.0028687934573755148,-0.0028687934573726464,1.0,1
301,5.614441177779591,-8.866223549415743,1.0,0.7071020048208263,0.7071020048211799,-0.002550446062097376,-0.0025504460620948254,1.0,1
302,5.594152943124381,-8.884122540469939,1.0,0.7070509869842074,0.707050986984561,-0.00886858305063989,-0.00886858305063102,1.0,1
303,5.581087067162161,-8.913202285022921,1.0,0.7070186197651469,0.7070186197655005,-0.011154427065548752,-0.011154427065537596,1.0,1
304,5.5764134388716435,-8.940421044191647,1.0,0.707035086860158,0.7070350868605114,-0.010056634530040616,-0.01005663453003056,1.0,1
305,5.570071404413021,-8.96806461416302,1.0,0.7071063164532195,0.7071063164535731,-0.0006381471270211732,-0.0006381471270205351,1.0,1
306,5.559830509791482,-9.010364207979803,1.0,0.7065614902685537,0.7065614902689065,0.027759864617497375,0.02775986461746962,1.0,1
307,5.545764427830738,-9.05889616852452,1.0,0.6880303515708956,0.6880303515712204,0.16313789033255716,0.16313789033239404,1.0,1
308,5.525966798258295,-9.094703890629464,1.0,0.29064275504997955,0.2906427550502702,0.644613440842074,0.6446134408418172,1.0,1
309,5.509079136099308,-9.103360032424515,1.0,0.18730760226652227,0.1873076022667096,0.6818471920215862,0.681847192021271,1.0,1
310,5.430736971852376,-8.959349000694356,1.0,0.17864100181763995,0.1786410018178186,0.6841689304739416,0.6841689304736227,1.0,1
311,5.4561339424944535,-9.046487169487667,1.0,0.20020163818777795,0.20020163818797815,0.6781733054909462,0.6781733054906367,1.0,1
312,5.532766072783244,-9.155364522058305,1.0,0.37323810075794966,0.3732381007583229,0.600577200356344,0.6005772003561598,0.5,1
313,5.618034551191672,-9.22247994826252,1.0,0.5880310503916625,0.5880310503918253,0.392707425795304,0.39270742579491136,0.5,1
314,5.717873672988157,-9.31974485937032,1.0,0.6953002930521189,0.6953002930524547,0.12867495451527602,0.12867495451514738,1.0,1
315,,,,,,,,0.0,0
316,,,,,,,,0.0,0
317,,,,,,,,0.0,0
318,,,,,,,,0.0,0
319,,,,,,,,0.0,0
320,,,,,,,,0.0,0
321,,,,,,,,0.0,0
322,,,,,,,,0.0,0
323,,,,,,,,0.0,0
324,,,,,,,,0.0,0
325,,,,,,,,0.0,0
326,,,,,,,,0.0,0
327,5.8251178252290075,-9.372907989577966,1.0,0.7057126178034182,0.7057126178037697,0.04437848672983789,0.04437848672979351,1.0,1
328,5.92223434547214,-9.399593423016354,1.0,0.7069482341156759,0.7069482341160293,0.014964764238223514,0.014964764238208549,1.0,1
329,5.992228670308322,-9.373500130167336,1.0,0.7071047671946381,0.7071047671949918,0.0016118961869511946,0.0016118961869495824,1.0,1
330,6.021388529662363,-9.28545948409544,1.0,0.707088362459671,0.7070883624600246,-0.005079139809210767,-0.005079139809205688,1.0,1
331,5.991648212223781,-9.111631006575726,1.0,0.7070658069900989,0.7070658069904524,-0.007595693292233018,-0.0075956932922254215,1.0,1
332,5.895817613635515,-8.867664054293304,1.0,0.7070619502510218,0.7070619502513752,-0.007946601515332946,-0.007946601515325,0.5,1
333,5.893985040226915,-8.858228679819366,1.0,0.7070984778904323,0.7070984778907858,-0.003390067740821942,-0.003390067740818552,0.5,1
334,5.876939936598197,-8.790495849367227,1.0,0.7071060869546596,0.7071060869550131,-0.0008554480133272993,-0.0008554480133264438,0.5,1
335,5.842491317893371,-8.744794456939697,1.0,0.7071045766847077,0.7071045766850613,-0.0016934078381910236,-0.0016934078381893299,1.0,1
336,5.838438043763806,-8.753189315813964,1.0,0.7070950899091889,0.7070950899095425,-0.004035321322258776,-0.00403532132225474,1.0,1
337,5.851610926769608,-8.76417405217685,1.0,0.707076745911262,0.7070767459116154,-0.006498105141219387,-0.006498105141212889,1.0,1
338,5.859056818900401,-8.838061694234874,1.0,0.7070687391857323,0.7070687391860856,-0.007317652596437565,-0.007317652596430247,1.0,1
339,5.860789748589535,-8.940093220596218,1.0,0.707073622225702,0.7070736222260554,-0.006829548250202969,-0.00682954825019614,1.0,1
340,5.855590853542909,-9.036320992566424,1.0,0.7070869639135259,0.7070869639138794,-0.005270241898027314,-0.005270241898022043,1.0,1
341,5.842343136990524,-9.090257491504126,1.0,0.7071005103961432,0.7071005103964968,-0.0029356759365742864,-0.0029356759365713504,0.5,1
342,5.825692602850178,-9.08865392407237,1.0,0.7071035962810601,0.7071035962814135,-0.002062552851331382,-0.00206255285132932,1.0,1
343,5.811856709561287,-9.066924909689977,1.0,0.7071049287129131,0.7071049287132667,0.0015394118101502282,0.001539411810148689,0.5,1
344,5.794386054499265,-9.031412482217815,1.0,0.7070885540273062,0.7070885540276597,0.005052400499699916,0.005052400499694863,0.5,1
345,5.782924167799073,-8.991479918802595,1.0,0.7070803624611385,0.707080362461492,0.006091880109476196,0.006091880109470103,1.0,1
346,5.8022010885748445,-8.934405185382115,1.0,0.7070588789309497,0.7070588789313034,0.008215332687012225,0.00821533268700401,1.0,1
347,5.821342751292814,-8.905658216620678,1.0,0.7070384383509691,0.7070384383513226,0.009818179363574557,0.009818179363564739,1.0,1
348,5.830556482350418,-8.934609658134095,1.0,0.7070181246406093,0.7070181246409628,0.011185766272350451,0.011185766272339264,1.0,1
349,5.8349915474391745,-8.987216321581672,1.0,0.7070251536353039,0.7070251536356574,0.010732290965616178,0.010732290965605443,1.0,1
350,5.830237014568955,-9.02556032027227,1.0,0.7070540977921642,0.7070540977925176,0.00861700401398015,0.008617004013971532,1.0,1
351,5.820600583311491,-9.033278686196473,1.0,0.7070895854704772,0.7070895854708307,0.004905925718370953,0.0049059257183660466,1.0,1
352,5.805873146692613,-9.000164237482341,1.0,0.7071066036092007,0.7071066036095544,3.3649072517379874e-05,3.364907251734622e-05,1.0,1
353,5.794401671580967,-8.963074840420488,1.0,0.7071034247953752,0.7071034247957287,-0.002120528331052405,-0.0021205283310502844,1.0,1
354,5.782198032797234,-8.917495162808798,1.0,0.7070926011066982,0.7070926011070519,-0.004450106769678633,-0.004450106769674183,1.0,1
355,5.773839011628593,-8.86745239137156,1.0,0.7070984051308425,0.7070984051311962,-0.0034052100700335294,-0.0034052100700301237,1.0,1
356,5.778929763336959,-8.827501170375658,1.0,0.7071048964386921,0.7071048964390457,-0.0015541657629498807,-0.0015541657629483268,1.0,1
357,5.7790159884548284,-8.80348596326125,1.0,0.7071064918244843,0.7071064918248378,0.0003990232963425926,0.00039902329634219355,1.0,1
358,5.780636706971115,-8.80033635783518,1.0,0.7071042923450398,0.7071042923453933,0.0018082437849003834,0.0018082437848985751,1.0,1
359,5.7762420515318285,-8.819179012693908,1.0,0.7071038097821096,0.707103809782463,0.001988011481372846,0.001988011481370858,1.0,1
360,5.767107516782526,-8.835743813793488,1.0,0.7071043862886099,0.7071043862889635,0.001771126714792847,0.0017711267147910755,1.0,1
361,5.761064056294321,-8.851339199195168,1.0,0.7071047157519906,0.7071047157523442,0.0016343071807282954,0.001634307180726661,1.0,1
362,5.755265154476541,-8.872143114188123,1.0,0.7071056785086046,0.7071056785089582,0.001144299013003514,0.0011442990130023697,1.0,1
363,5.752562102558604,-8.894001829723276,1.0,0.7071060983778208,0.7071060983781743,0.0008459530352338189,0.0008459530352329728,1.0,1
364,5.750868313106839,-8.910848866230403,1.0,0.7071063833038842,0.7071063833042378,0.0005591875750086898,0.0005591875750081306,1.0,1
365,5.751161444207002,-8.91715410989598,1.0,0.7071063663442009,0.7071063663445544,0.0005802373070191465,0.0005802373070185663,1.0,1
366,5.754319516604008,-8.910547736344334,1.0,0.7071059546508115,0.707105954651165,0.0009585911042260478,0.0009585911042250891,1.0,1
367,5.752877632091906,-8.906481373152575,1.0,0.707104825932988,0.7071048259333415,0.0015859196137513187,0.001585919613749733,1.0,1
368,5.752328674803448,-8.916553585239823,1.0,0.7071041963594272,0.7071041963597808,0.0018453967556554852,0.0018453967556536397,1.0,1
369,5.748602419700508,-8.916513623986761,1.0,0.7071045096130634,0.7071045096134169,0.0017211866220772682,0.0017211866220755473,1.0,1
370,5.746774301894077,-8.898450555854417,1.0,0.7071043889326711,0.7071043889330247,0.0017700707859144085,0.0017700707859126382,1.0,1
371,5.745610146152777,-8.888676293287759,1.0,0.7071045563653329,0.7071045563656864,0.0017018713046703926,0.0017018713046686906,1.0,1
372,5.742568185462622,-8.889388426585557,1.0,0.7071056022443273,0.707105602244681,0.001190493166101877,0.0011904931661006865,1.0,1
373,5.739397906091079,-8.896739800186559,1.0,0.7071064568771953,0.7071064568775487,0.0004567739866689138,0.00045677398666845706,1.0,1
374,5.737902978813952,-8.901383170355574,1.0,0.7071066027147008,0.7071066027150543,4.8961955567424485e-05,4.896195556737551e-05,1.0,1
375,5.736521071567116,-8.907758736479535,1.0,0.7071065832755501,0.7071065832759036,-0.00017288251106643664,-0.0001728825110662638,1.0,1
376,5.738612866786081,-8.908549462194047,1.0,0.7071065978494658,0.7071065978498192,9.632107376107207e-05,9.632107376097576e-05,1.0,1
377,6.3016332663515495,-15.971905226512696,1.0,0.707105712267473,0.7071057122678265,-0.0011232444430804111,-0.001123244443079288,1.0,1
378,5.617371296505617,-7.410733955539204,1.0,0.7071055021155624,0.7071055021159162,0.0012485500065227328,0.001248550006521484,1.0,1
379,5.198984090100485,-2.1899192682084636,1.0,0.7070894718395614,0.7070894718399149,0.004922276052312355,0.0049222760523074316,1.0,1
380,4.943664497290704,0.9717208617301358,1.0,0.707057140024463,0.7070571400248165,0.008363653833512374,0.00836365383350401,1.0,1
381,4.803777095869544,2.6745612773268195,1.0,0.7070303883721866,0.70703038837254,0.01038170816261578,0.010381708162605398,1.0,1
382,4.759474280097307,3.210017847106157,1.0,0.7070182942822619,0.7070182942826154,0.011175038601488118,0.011175038601476941,1.0,1
383,4.80052175794712,2.6644364938580245,1.0,0.7070432382169127,0.7070432382172662,0.009466216082967672,0.009466216082958206,1.0,1
384,4.935967035878277,0.9509716565188054,1.0,0.7070836940878154,0.7070836940881687,0.005692059287121364,0.0056920592871156726,1.0,1
385,5.190483771679571,-2.2029971422541927,1.0,0.7071045857980863,0.7071045857984398,0.001689598144379115,0.0016895981443774257,1.0,1
386,5.615763475171143,-7.400846387656451,1.0,0.7071053446370137,0.7071053446373673,-0.001334760232879877,-0.0013347602328785421,1.0,1
387,6.312268438755363,-15.943229306776216,1.0,0.7070999247250954,0.707099924725449,-0.0030735076120069317,-0.0030735076120038574,1.0,1
388,6.419017720989297,-16.226687781938132,1.0,0.7070930340459911,0.7070930340463446,0.004380775506570835,0.004380775506566454,1.0,1
389,6.262816108217168,-14.185805940514033,1.0,0.7070940953914508,0.7070940953918042,0.0042059783285814095,0.004205978328577204,1.0,1
390,5.524974239508151,-5.9065919532551305,1.0,0.7071065958926116,0.7071065958929651,-0.00010975042983151506,-0.0001097504298314053,1.0,1
391,4.695544965701271,3.3857283907492315,1.0,0.7069892553622532,0.7069892553626066,-0.012881875613749871,-0.012881875613736984,1.0,1
392,3.9939147778387825,11.083781075643861,1.0,0.7064506084012465,0.706450608401599,-0.030451394467329956,-0.030451394467299504,1.0,1
393,3.4630738583384857,16.75938399375288,1.0,0.7052261188330898,0.7052261188334406,-0.05153513345858638,-0.05153513345853485,1.0,1
394,3.085750131120534,20.69863635434984,1.0,0.7032362101753217,0.7032362101756693,-0.07388220312662606,-0.07388220312655219,1.0,1
395,2.8336057885935695,23.249943889030437,1.0,0.7007179089335481,0.7007179089338921,-0.09483753223462543,-0.09483753223453059,1.0,1
396,2.686595754436833,24.63432891740584,1.0,0.6986883321515591,0.6986883321519,-0.10878583756474704,-0.10878583756463825,1.0,1
397,2.640825931478623,24.89306996319329,1.0,0.6975689830045162,0.6975689830048555,-0.11574652075551937,-0.1157465207554036,1.0,1
398,2.715533985656349,23.78446152237155,1.0,0.6964545564626423,0.6964545564629799,-0.12227343569489399,-0.1222734356947717,1.0,1
399,2.706777216667952,23.77929524863626,1.0,0.6958019710849179,0.6958019710852544,-0.1259339463565256,-0.12593394635639965,1.0,1
400,2.700464492818537,23.7783884251478,1.0,0.6968981687748627,0.6968981687752009,-0.11971919219754726,-0.11971919219742755,1.0,1
401,2.7029491322601715,23.778121286026145,1.0,0.6984285864331056,0.6984285864334459,-0.11044117620684911,-0.1104411762067387,1.0,1
402,2.7074479158361426,23.778856726815118,1.0,0.7055403639768375,0.7055403639771888,-0.04703768370408963,-0.04703768370404259,1.0,1
403,2.71536185340779,23.78044079409936,1.0,0.49097535779861234,0.49097535779910334,0.5088641422840996,0.5088641422840819,1.0,1
404,2.726326404132276,23.787629061123944,1.0,0.2699275925233675,0.2699275925236375,0.6535585682631059,0.6535585682628349,1.0,1
405,2.7381731813594143,23.797216689798578,1.0,0.23657149395337024,0.23657149395360683,0.666358497161251,0.6663584971609599,1.0,1
406,2.747489137925322,23.79854478194999,1.0,0.2415261816219284,0.24152618162217,0.6645786789926421,0.6645786789923537,1.0,1
407,2.761217704085853,23.81415443973409,1.0,0.25870281567122905,0.25870281567148773,0.6580824906719953,0.6580824906717172,1.0,1
408,2.775512925085981,23.82034865664167,1.0,0.2911390393024147,0.2911390393027059,0.6443894465012552,0.6443894465009987,1.0,1
409,2.792112584603179,23.858812451435583,1.0,0.3134508481663707,0.3134508481666842,0.6338361417938569,0.6338361417936175,1.0,1
410,2.8004481866091195,23.911962445043542,1.0,0.33398978530938783,0.3339897853097218,0.6232579734893938,0.6232579734891717,1.0,1
411,2.8230630956210176,24.007983456696135,1.0,0.37451891778436597,0.37451891778474056,0.5997793200371622,0.5997793200369793,1.0,1
412,2.8563411688627567,24.10967136528753,1.0,0.4392962456250353,0.4392962456254746,0.554092412363088,0.5540924123629851,1.0,1
413,2.9032751058312325,24.279261498987236,1.0,0.49894572736672294,0.4989457273672219,0.5010515574661373,0.5010515574661351,1.0,1
414,2.950040536023446,24.431208989556218,1.0,0.5631103462053249,0.563110346205444,0.42767551226518874,0.42767551226476114,1.0,1
415,2.9919021697782453,24.59200809001802,1.0,0.5452579213002935,0.5452579213003803,0.4502148140809502,0.45021481408049996,1.0,1
416,3.019369252775704,24.681750318057038,1.0,0.5739212817437573,0.5739212817438956,0.41305445508764177,0.41305445508722866,1.0,1
417,3.0265711034673983,24.72159482109589,1.0,0.5489476687333191,0.5489476687334126,0.4457084721921993,0.4457084721917536,1.0,1
418,3.027474762659289,24.76554471061603,1.0,0.5332500454314243,0.5332500454314888,0.4643747941669785,0.46437479416651406,1.0,1
419,2.956701972630412,24.678082875834082,1.0,0.4934071590014403,0.4934071590019337,0.5065065529781578,0.506506552978145,1.0,1
420,2.9282504733282266,24.687360346119892,1.0,0.4801136549779926,0.4801136549784728,0.5191246617774519,0.5191246617774143,1.0,1
421,2.9526837115813773,24.78678637312878,1.0,0.505932170604689,0.5059321706047009,0.49399610363286134,0.49399610363236734,1.0,1
422,3.033772150481302,25.026781869923447,1.0,0.5235846151702764,0.5235846151703225,0.4752459308481076,0.47524593084763245,1.0,1
423,3.1320025181578117,25.321008672219985,1.0,0.5383674350804176,0.5383674350804917,0.4584321908116738,0.4584321908112154,1.0,1
424,3.202722278384584,25.485294477135906,1.0,0.5581225437185485,0.5581225437186588,0.43416451364730657,0.43416451364687236,1.0,1
425,3.1884467943902215,25.434264485509814,1.0,0.5508412847534104,0.5508412847535074,0.44336606438688525,0.44336606438644194,1.0,1
426,3.0997248683109793,25.110516112842515,1.0,0.5816403242898628,0.5816403242900144,0.4021121282328236,0.4021121282324215,1.0,1
427,2.9173198668595455,24.46904227565758,1.0,0.6053575268590781,0.6053575268592704,0.3654338839955078,0.3654338839951423,0.5,1
428,2.6953177714241168,23.624686456716315,1.0,0.6494513206585322,0.6494513206587967,0.27966531021399715,0.27966531021371743,0.5,1
429,2.477939665189462,22.593887692792432,1.0,0.6370838493770727,0.6370838493773173,0.30679612267313694,0.3067961226728302,1.0,1
430,2.4208034438372663,21.787499759854644,1.0,0.6399254419489534,0.6399254419492026,0.300824074003183,0.30082407400288214,1.0,1
431,2.500495659220745,20.93984505999611,1.0,0.6139495946690875,0.6139495946692942,0.3508070175796439,0.3508070175792931,1.0,1
432,2.680394049585902,20.934728522696446,1.0,0.5757523650589371,0.5757523650590787,0.41049827897955715,0.41049827897914665,0.5,1
433,2.8609835271971127,21.55936991524007,1.0,0.5264945842169606,0.5264945842170123,0.47202012864634596,0.4720201286458739,1.0,1
434,3.0001017367428995,22.449023380381245,1.0,0.49255897123365083,0.4925589712341433,0.5073314244200203,0.5073314244200058,1.0,1
435,3.07238485537257,23.20477260555815,1.0,0.5070033945448069,0.5070033945448208,0.49289661353946945,0.4928966135389766,1.0,1
436,3.1240642563742353,23.65289179298439,1.0,0.592359961277008,0.5923599612771783,0.3861467597167032,0.386146759716317,1.0,1
437,3.0811243643462576,24.15867590248756,1.0,0.622723811042698,0.6227238110429193,0.33498467549610567,0.3349846754957707,1.0,1
438,3.026853132473894,24.44754171617158,1.0,0.6775325507395569,0.6775325507398655,0.20235950777585807,0.2023595077756557,0.5,1
439,2.99256681026001,24.342699539484695,1.0,0.7068500603184138,0.706850060318767,0.019045788152572265,0.019045788152553218,1.0,1
440,2.9988962347136146,24.281159854296252,1.0,0.7062358110775444,0.7062358110778968,-0.03508174076014622,-0.03508174076011114,1.0,1
441,3.0426908573860647,24.180287970316982,1.0,0.7061988173122902,0.7061988173126424,-0.035818707173547924,-0.035818707173512106,1.0,1
442,3.069315953301852,24.72033865405375,1.0,0.7069530772018373,0.7069530772021907,-0.01473419581307424,-0.014734195813059505,1.0,1
443,3.088295573930112,25.220220811488794,1.0,0.7066072161311452,0.7066072161314979,0.026570505412942518,0.026570505412915946,1.0,1
444,3.1158489505207636,25.545438752943447,1.0,0.6987712838115453,0.6987712838118865,0.10825172941134076,0.1082517294112325,1.0,1
445,3.168550296680589,25.620785795108436,1.0,0.6519292249383584,0.6519292249386267,0.27383935356706485,0.27383935356679096,1.0,1
446,3.2347413731305497,25.520206989498842,1.0,0.6185965650283857,0.6185965650286002,0.34254629333302816,0.3425462933326856,1.0,1
447,3.253504199422867,25.549407342380462,1.0,0.5645722528380481,0.5645722528381699,0.4257437952090594,0.42574379520863365,1.0,1
448,3.263300757683533,25.30816999760587,1.0,0.5736136532407093,0.5736136532408471,0.41348155571299666,0.4134815557125832,1.0,1
449,3.242969176043894,24.977524648737194,1.0,0.6261638320559357,0.6261638320561628,0.3285095685270744,0.32850956852674584,1.0,1
450,3.2490387842102373,24.889844450441394,1.0,0.61785486168202,0.6178548616822331,0.3438823090132183,0.34388230901287437,1.0,1
451,3.2793300106010523,24.87117004694457,1.0,0.5551290819628139,0.5551290819629188,0.43798549831837447,0.43798549831793643,1.0,1
452,3.3195922955547386,25.037057380507743,1.0,0.5219356708162912,0.5219356708163341,0.47705628250198423,0.4770562825015071,1.0,1
453,3.3628187714973734,24.963458082752027,1.0,0.50670051753156,0.5067005175315732,0.4932079669575164,0.49320796695702324,1.0,1
454,3.406030937136124,24.85559135752713,1.0,0.5009974138983457,0.5009974138983476,0.4990000934436699,0.49900009344317087,1.0,1
455,3.450660635262557,24.745875488914404,1.0,0.5134820941895276,0.5134820941895543,0.48614366689175686,0.48614366689127064,1.0,1
456,3.4985847419930898,24.671714729386338,1.0,0.5931163295349233,0.593116329535095,0.38498397929111794,0.3849839792907329,1.0,1
457,3.5342341482878474,24.671411833596636,1.0,0.6457718485688897,0.6457718485691485,0.2880597504882269,0.28805975048793886,1.0,1
458,3.579589613358422,24.710889621674497,1.0,0.6719775977144496,0.6719775977147497,0.22010413750828592,0.22010413750806584,1.0,1
459,3.61730652284574,24.82493219581129,1.0,0.6821880622125785,0.6821880622128944,0.18606229918353734,0.18606229918335118,1.0,1
460,3.6693967148488302,24.823665980092454,1.0,0.6961564638118884,0.6961564638122254,0.1239593480395552,0.12395934803943127,1.0,1
461,3.7337515546092823,24.781773069535223,1.0,0.6992425901198981,0.6992425901202397,0.10516436900195857,0.10516436900185341,1.0,1
462,3.7912977101932124,24.771923881728373,1.0,0.7011249598804856,0.7011249598808301,0.09177982539022378,0.091779825390132,1.0,1
463,3.772870078030788,25.812079272289676,1.0,0.693472831852069,0.6934728318524019,0.1381852798108767,0.13818527981073853,1.0,1
464,3.8194405506897136,25.527214718863306,1.0,0.6872740399235258,0.6872740399238493,0.16629530784314497,0.16629530784297866,1.0,1
465,3.920409380303326,24.14178543778516,1.0,0.6809780538716387,0.6809780538719524,0.19044322144052317,0.1904432214403327,1.0,1
466,4.077326704752054,21.604269816890728,1.0,0.6770309134440312,0.6770309134443391,0.20403154054315803,0.204031540542954,1.0,1
467,4.299444336445349,17.698187605956313,1.0,0.6749007273743708,0.6749007273746752,0.21097093107969658,0.2109709310794856,1.0,1
468,4.639945457385036,11.963762854487603,1.0,0.6915599593640622,0.6915599593643924,0.14746037175391777,0.1474603717537703,1.0,1
469,5.102330209969204,4.109805865923106,1.0,0.7031600554131265,0.7031600554134743,0.07460350968452949,0.07460350968445487,1.0,1
470,5.671852928199368,-5.631655516081675,1.0,0.7069933669436714,0.706993366944025,0.01265420947989883,0.012654209479886174,1.0,1
471,6.206636433440733,-14.577718993711683,1.0,0.7070895124879308,0.7070895124882842,0.0049164334119555396,0.004916433411950623,1.0,1
472,6.344123459920372,-16.753156234174675,1.0,0.7070857843026565,0.7070857843030098,0.005426197782484748,0.005426197782479321,1.0,1
473,5.861841511687623,-8.79903363615157,1.0,0.7070390572014085,0.7070390572017617,0.00977351236627568,0.009773512366265908,1.0,1
474,5.855857364670304,-8.819590153374829,1.0,0.7070467247913887,0.707046724791742,0.009202114942978417,0.009202114942969214,1.0,1
475,5.84777131287885,-8.819511141052477,1.0,0.7070449058221228,0.7070449058224763,0.009340830121169845,0.009340830121160503,1.0,1
476,5.834227503856153,-8.829156552408584,1.0,0.7070501548752653,0.7070501548756188,0.008934676879599361,0.008934676879590426,1.0,1
477,5.821086991617023,-8.82963254289411,1.0,0.707046311195779,0.7070463111961323,0.009233838952606616,0.009233838952597384,1.0,1
478,5.80918917067573,-8.830212969304473,1.0,0.7070485646346014,0.7070485646349549,0.009059647184333556,0.009059647184324495,1.0,1
479,5.800705179620947,-8.823252610654697,1.0,0.7070536075266919,0.7070536075270454,0.008657138442473658,0.008657138442465,1.0,1
480,5.794877497172579,-8.820824438514116,1.0,0.7070594132581716,0.7070594132585252,0.008169215974479685,0.008169215974471514,1.0,1
481,5.789996956008622,-8.818774997862628,1.0,0.7070640925370386,0.7070640925373921,0.007753645253106111,0.0077536452530983565,1.0,1
482,5.784064588333675,-8.826025609580999,1.0,0.7070761389214575,0.707076138921811,0.006563821019812882,0.006563821019806319,1.0,1
483,5.779938898088786,-8.838980912455542,1.0,0.7070864541925107,0.7070864541928642,0.005338191005724873,0.005338191005719534,1.0,1
484,5.776960647007228,-8.856073330070165,1.0,0.7070880105298283,0.7070880105301819,0.005127899357534758,0.00512789935752963,1.0,1
485,5.773172709192706,-8.86073453631653,1.0,0.7070908405406349,0.7070908405409886,0.004721568848525986,0.004721568848521265,1.0,1
486,5.769537153229886,-8.875822212249808,1.0,0.7070919647816103,0.7070919647819638,0.0045500913100687546,0.004550091310064204,1.0,1
487,5.768165176672061,-8.877131030540662,1.0,0.7070875164065181,0.7070875164068717,0.005195587412817973,0.005195587412812777,1.0,1
488,5.768117341876694,-8.878539296859831,1.0,0.7070848312177777,0.7070848312181311,0.005549004084545336,0.005549004084539785,1.0,1
489,6.12506016022651,-16.982300149491774,1.0,0.7070850701217928,0.7070850701221464,0.005518477655266616,0.005518477655261098,1.0,1
490,6.006992155339054,-14.7393232337026,1.0,0.7070689012434446,0.7070689012437982,0.007301976973792507,0.007301976973785205,1.0,1
491,5.37481298585808,-0.08478896540708392,1.0,0.7070793691866387,0.7070793691869922,0.0062060979178407034,0.006206097917834497,1.0,1
492,5.0624201653490655,7.055905035030611,1.0,0.7070919064787056,0.707091906479059,0.00455914267338043,0.004559142673375872,1.0,1
493,4.900375375493289,10.732721724240797,1.0,0.7070986072298288,0.7070986072301824,0.0033629820072871987,0.0033629820072838355,1.0,1
494,4.821628676988294,12.32814201959972,1.0,0.707103645959055,0.7071036459594084,0.0020454508841842452,0.0020454508841822,1.0,1
495,4.818180614823823,12.330038197311769,1.0,0.7071063083295972,0.7071063083299507,0.0006470859906248506,0.0006470859906242035,1.0,1
496,4.887110138667125,10.735413996580935,1.0,0.7071063141754825,0.7071063141758362,-0.0006406660272564843,-0.0006406660272558435,1.0,1
497,5.046835616664509,7.073140793567107,1.0,0.7071051430926855,0.7071051430930391,-0.0014375711597955547,-0.0014375711597941175,1.0,1
498,5.347166447601024,-0.06040401243937084,1.0,0.707104540137365,0.7071045401377186,-0.0017086004992043738,-0.001708600499202665,1.0,1
499,6.386666138233357,-25.579044451139342,1.0,0.7070777382483887,0.7070777382487423,-0.006389213811609282,-0.006389213811602893,1.0,1
500,6.38097188099669,-25.27749476442183,1.0,0.7070953784569133,0.7070953784572668,-0.003984439350334947,-0.003984439350330962,1.0,1
501,5.602130768130872,-5.36576060608899,1.0,0.7070969761823467,0.7070969761827002,0.003690022625073621,0.0036900226250699305,1.0,1
502,5.255289123821225,4.950638173233503,1.0,0.7059487649281184,0.7059487649284703,0.04044861525115329,0.04044861525111284,1.0,1
503,4.981652461551694,13.097726181513154,1.0,0.6963490009013571,0.6963490009016944,0.12287315068702828,0.12287315068690541,1.0,1
504,4.774273464155093,18.885071589959395,1.0,0.6467270734650948,0.646727073465355,0.2859087154801204,0.28590871547983454,1.0,1
505,4.6465444946265295,22.785532459602038,1.0,0.573114320104456,0.573114320104593,0.41417338824208016,0.414173388241666,1.0,1
506,4.53501514505972,26.36889998990574,1.0,0.503944043088452,0.5039440430884597,0.4960241014629512,0.4960241014624551,1.0,1
507,4.508854218970263,27.327837273156632,1.0,0.49514035952401836,0.4951403595245135,0.5048123749060031,0.5048123749059934,1.0,1
508,4.548226708310529,26.311420691242958,1.0,0.5241677665062312,0.5241677665062784,0.4746026734022392,0.4746026734017646,1.0,1
509,4.6896380679508365,22.628173427582702,1.0,0.6004600791601796,0.6004600791603637,0.37342649429983943,0.37342649429946606,1.0,1
510,4.820335653490674,18.663790535485113,1.0,0.6644592317589338,0.6644592317592221,0.24185459724547562,0.24185459724523378,1.0,1
511,5.005588204295319,12.850683524307199,1.0,0.6969619042450915,0.6969619042454298,0.11934758774402157,0.11934758774390221,1.0,1
512,5.2875367344716455,4.718588199149812,1.0,0.7061916874339188,0.706191687434271,0.0359590037547614,0.03595900375472544,1.0,1
513,5.623335071454439,-5.443337487556633,1.0,0.707074523964698,0.7070745239650517,0.006735542844482322,0.006735542844475586,1.0,1
514,5.908613448557742,-14.910173706188937,1.0,0.7070925257806351,0.7070925257809886,-0.004462059525216896,-0.004462059525212435,1.0,1
515,5.983659861995693,-17.32660811922643,1.0,0.7070841882360763,0.7070841882364298,-0.005630340191999275,-0.005630340191993645,1.0,1
516,5.7165614329544,-8.777017482299124,1.0,0.7071047987208248,0.7071047987211785,0.0015980064783969363,0.0015980064783953382,1.0,1
517,5.741812164151798,-8.804852492518288,1.0,0.7071026419612706,0.7071026419616241,0.0023672195904336957,0.0023672195904313282,1.0,1
518,5.758610692426946,-8.8493494406656,1.0,0.7070996689824742,0.707099668982828,0.003131791814786236,0.0031317918147831035,1.0,1
519,5.770723732972901,-8.85753436020315,1.0,0.7070987882818419,0.7070987882821954,0.0033246962002491946,0.00332469620024587,1.0,1
520,5.776346887341124,-8.736025711375579,1.0,0.7071027389717187,0.7071027389720723,0.002338062437175641,0.002338062437173303,1.0,1
521,5.779073327792347,-8.612904704110674,1.0,0.7071064395721105,0.7071064395724639,0.00048282039803758706,0.0004828203980371043,1.0,1
522,5.765026425744077,-8.486416396569606,1.0,0.7071058869773612,0.7071058869777149,-0.0010072742684549148,-0.0010072742684539076,1.0,1
523,5.744166804689061,-8.371083782972809,1.0,0.7071034312635948,0.7071034312639485,-0.002118370365843919,-0.002118370365841801,1.0,1
524,5.719526116076004,-8.338668319029283,1.0,0.7071003666131924,0.7071003666135459,-0.00297010624020014,-0.0029701062401971696,1.0,1
525,5.70337345959347,-8.35815536015126,1.0,0.70710012639121,0.7071001263915636,-0.003026756176850301,-0.0030267561768472745,1.0,1
526,5.70127934497724,-8.414456267590358,1.0,0.707099994598274,0.7070999945986276,-0.003057390136534453,-0.003057390136531396,1.0,1
527,5.707803293084667,-8.543015918161872,1.0,0.7071010829603085,0.707101082960662,-0.002794364409796285,-0.00279436440979349,1.0,1
528,5.705091207554504,-8.715900584149368,1.0,0.7071021898981951,0.7071021898985487,-0.002498607223083833,-0.002498607223081334,1.0,1
529,5.699845398584895,-8.875213127276414,1.0,0.7071035695046682,0.7071035695050217,-0.002071712241327778,-0.0020717122413257062,1.0,1
530,5.695205446559158,-8.931179684729438,1.0,0.7071013948999191,0.7071013949002728,-0.0027142820238337346,-0.0027142820238310206,1.0,1
531,5.694154712824442,-8.988278674717126,1.0,0.7070981577645166,0.7070981577648701,-0.0034561944467994387,-0.003456194446795982,1.0,1
532,5.687270467051147,-8.970338838635762,1.0,0.7071012013717024,0.7071012013720561,-0.0027642385704912333,-0.00276423857048847,1.0,1
533,5.680891236636561,-8.799649010664302,1.0,0.7070896265758334,0.7070896265761869,-0.004899997637044493,-0.004899997637039594,1.0,1
534,5.680679796164395,-8.595275124500573,1.0,0.7070755354609258,0.7070755354612792,-0.006628508932988595,-0.006628508932981968,1.0,1
535,5.67989265536639,-8.318670810903997,1.0,0.7070193737483654,0.7070193737487189,-0.011106533337483269,-0.011106533337472161,1.0,1
536,5.682584011870208,-8.013615441810728,1.0,0.7068992259372014,0.7068992259375546,-0.01712408311947694,-0.017124083119459812,1.0,1
537,5.689616795234469,-7.641600904338765,1.0,0.7066923599359305,0.7066923599362834,-0.02420037427424885,-0.024200374274224647,1.0,1
538,5.691831025852634,-7.47711343566828,1.0,0.706544931222143,0.7065449312224958,-0.028178178909610982,-0.028178178909582803,1.0,1
539,5.688080863592996,-7.516248466096022,1.0,0.7065301628761498,0.7065301628765024,-0.028546077455548196,-0.028546077455519646,1.0,1
540,6.0978101509537925,-13.858770121864652,1.0,0.7067116647278442,0.7067116647281971,-0.023629910243197032,-0.0236299102431734,1.0,1
541,5.586887465494864,-6.601919895208993,1.0,0.7067727739994722,0.7067727739998253,-0.021725461948385108,-0.02172546194836338,1.0,1
542,5.595778966319057,-7.078338835051348,1.0,0.7069787653078284,0.7069787653081818,-0.013445271042204311,-0.013445271042190865,1.0,1
543,5.268522424138153,-2.6439773475294417,1.0,0.7071018868109563,0.7071018868113098,-0.0025829566488181155,-0.002582956648815533,1.0,1
544,4.840180348905177,3.794536577009299,1.0,0.7071052335570833,0.7071052335574369,0.0013923631757741838,0.0013923631757727913,1.0,1
545,4.428618509105542,9.929616562164975,1.0,0.7071038470995692,0.7071038470999227,0.001974693657108467,0.0019746936571064925,1.0,1
546,4.09574279128703,14.887198102907705,1.0,0.707013902282369,0.7070139022827224,0.011449537715287863,0.011449537715276412,1.0,1
547,3.8495327337761314,18.526079890432552,1.0,0.7068205529526627,0.7068205529530157,0.020111084538167286,0.02011108453814717,1.0,1
548,3.6786226261590325,20.88145802296841,1.0,0.7064571270435821,0.7064571270439347,0.030299788603989568,0.030299788603959273,1.0,1
549,3.5783402817943144,22.090154083922137,1.0,0.7065446591805986,0.7065446591809514,0.0281849993000492,0.028184999300021014,1.0,1
550,3.5527167582522177,22.095014581580227,1.0,0.7068651764808876,0.7068651764812408,0.018476257950175837,0.018476257950157362,1.0,1
551,3.443309951516052,23.507873270305907,1.0,0.7063198690811888,0.7063198690815413,0.033346543807396635,0.03334654380736329,1.0,1
552,3.4881023367323496,22.41413336572994,1.0,0.7067805916824038,0.706780591682757,0.021469629488808296,0.021469629488786824,1.0,1
553,3.4618132667939325,22.417424776608254,1.0,0.7060867777052844,0.7060867777056365,0.03796329315380249,0.03796329315376452,1.0,1
554,3.44627002598193,22.4267680037976,1.0,0.7066654400577266,0.7066654400580795,0.0249740968961506,0.024974096896125623,1.0,1
555,3.424712943748843,22.42590514124776,1.0,0.7069955787994786,0.706995578799832,0.012530023123087446,0.012530023123074916,1.0,1
556,3.403745452984089,22.438069944651467,1.0,0.7067629806143235,0.7067629806146766,0.02204175560163805,0.02204175560161601,1.0,1
557,3.3828385440959097,22.45630694397578,1.0,0.705893066291103,0.7058930662914548,0.041409275553099464,0.04140927555305805,1.0,1
558,3.3609751501060074,22.478186298075702,1.0,0.702719439402032,0.7027194394023789,0.07864563786504568,0.07864563786496703,1.0,1
559,3.330978528760464,22.496381156352175,1.0,0.6973775270024817,0.6973775270028206,0.11689451573020503,0.1168945157300881,1.0,1
560,3.325553718357039,22.54768992308938,1.0,0.6528477685754447,0.6528477685757145,0.2716422238604421,0.27164222386017045,1.0,1
561,3.318524454222536,22.580096145365264,1.0,0.5879947650811229,0.5879947650812857,0.39276175309221917,0.39276175309182637,1.0,1
562,3.3009582653811407,22.597904387079502,1.0,0.5446540754471431,0.5446540754472288,0.45094513715605705,0.450945137155606,1.0,1
563,3.2955022052354463,22.60333075440172,1.0,0.5506584767162986,0.5506584767163953,0.4435930903267287,0.4435930903262851,1.0,1
564,3.2889499126453914,22.567415552194557,1.0,0.6660247207310563,0.666024720731347,0.23750955682445066,0.23750955682421312,1.0,1
565,3.284799612384058,22.55375178675944,1.0,0.7013349619453719,0.7013349619457168,0.09016106155882506,0.09016106155873489,1.0,1
566,3.1820695610016125,23.68145699960012,1.0,0.701895765817846,0.7018957658181917,0.08568593934386709,0.08568593934378141,1.0,1
567,3.196300611739872,23.423255613347575,1.0,0.7030673358773643,0.7030673358777118,0.07547230181636676,0.0754723018162913,1.0,1
568,3.303697594896089,22.023632037066804,1.0,0.7038582929720817,0.7038582929724305,0.06769971271436753,0.06769971271429984,1.0,1
569,3.505318561630797,19.460312205323405,1.0,0.7041100290969509,0.7041100290973,0.0650293379379993,0.06502933793793426,1.0,1
570,3.8432077897166326,15.580205016845122,1.0,0.6999802274356968,0.6999802274360396,0.10013703651878711,0.10013703651868698,1.0,1
571,4.299369468767,10.036432291367277,1.0,0.7018803439745287,0.7018803439748744,0.0858121728271031,0.08581217282701728,1.0,1
572,4.905828878479194,2.6620058313432438,1.0,0.7052113135227949,0.7052113135231457,0.0517373359758575,0.05173733597580576,1.0,1
573,5.653041844617869,-6.041499841411596,1.0,0.7069331837721977,0.7069331837725511,0.015659615545489083,0.01565961554547342,1.0,1
574,6.311324489049907,-13.723508880234071,1.0,0.7070700166865639,0.7070700166869173,-0.007193154870360898,-0.007193154870353704,1.0,1
575,6.488224440090891,-15.553625914262343,1.0,0.7069972421207548,0.7069972421211083,-0.012435817476081065,-0.012435817476068627,1.0,1
576,6.185354495999051,-12.474380861613168,1.0,0.7071019101952382,0.7071019101955918,-0.0025765470936975126,-0.002576547093694936,1.0,1
577,6.407591974573324,-15.519535250629763,1.0,0.7071058635650889,0.7071058635654426,-0.001023577718587317,-0.0010235777185862935,1.0,1
578,6.143089699789954,-8.920985034445305,1.0,0.7068535715275369,0.7068535715278901,-0.018915026823893174,-0.01891502682387426,1.0,1
579,5.467461629043065,0.028548661986434933,1.0,0.7063492276671285,0.706349227667481,-0.03271877194586037,-0.032718771945827646,1.0,1
580,4.741072489396302,8.061033234686795,1.0,0.7059773474769979,0.7059773474773499,-0.03994664002044535,-0.039946640020405405,1.0,1
581,4.118048286158398,14.238003876288893,1.0,0.706199856239,0.7061998562393522,-0.03579821791116126,-0.03579821791112546,0.5,1
582,3.605857744917087,18.719809667526363,1.0,0.7065544336748709,0.7065544336752236,-0.02793889517290177,-0.027938895172873835,1.0,1
583,3.2443387349188972,21.634657550470884,1.0,0.706972193631382,0.7069721936317354,-0.013786491104054829,-0.013786491104041041,1.0,1
584,3.001917414828176,23.317295237540126,1.0,0.7071019875756018,0.7071019875759553,-0.002555222763057803,-0.0025552227630552477,1.0,1
585,2.8589060761865692,23.790206809707925,1.0,0.7059912088128129,0.7059912088131649,0.039700910423468475,0.03970091042342877,1.0,1
586,2.8147015352035574,22.97889022932709,1.0,0.7037950808426117,0.7037950808429603,0.06835372574773883,0.06835372574767047,1.0,1
587,2.8390659257296167,22.06641110129995,1.0,0.6932965652928397,0.6932965652931725,0.13906693530204622,0.13906693530190714,1.0,1
588,2.929666163999471,22.04060351054268,1.0,0.6839046360644105,0.683904636064729,0.17965016426116523,0.17965016426098557,1.0,1
589,2.9340235533320675,21.869265465712008,1.0,0.6759596590927314,0.6759596590930373,0.20755304312264414,0.2075530431224366,1.0,1
590,2.9122319932532283,21.741702093435496,1.0,0.6802889714086733,0.680288971408986,0.19289024153862588,0.19289024153843298,1.0,1
591,2.8686900327084612,21.687931724878016,1.0,0.6941402245065277,0.6941402245068617,0.13479276425292672,0.1347927642527919,1.0,1
592,2.797977782418182,21.728859779626926,1.0,0.7036375760931846,0.703637576093533,0.06995647960391899,0.06995647960384901,1.0,1
593,2.7471541217859374,21.714989231277922,1.0,0.7065637031898357,0.7065637031901885,0.027703482639109343,0.027703482639081643,1.0,1
594,2.706691746595918,21.7405710984453,1.0,0.707097714171724,0.7070977141720776,-0.00354578719560936,-0.003545787195605814,1.0,1
595,2.6795236186051605,21.7234336737687,1.0,0.7068905127608696,0.7068905127612227,-0.017480069101853707,-0.017480069101836228,1.0,1
596,2.65899982944711,21.76703358777732,1.0,0.706152145154854,0.7061521451552062,-0.036727336098973475,-0.03672733609893674,1.0,1
597,2.6353478996826043,21.800461275179465,1.0,0.7060977783114045,0.7060977783117568,-0.03775813486950779,-0.03775813486947003,1.0,1
598,2.6094353455176256,21.862089570222178,1.0,0.7056959455536073,0.7056959455539588,-0.0446428205731289,-0.044642820573084246,1.0,1
599,2.576324003256774,21.937076394119863,1.0,0.705485795462108,0.7054857954624593,-0.04784915099731037,-0.04784915099726252,1.0,1
600,2.5232410439964084,22.037130437585645,1.0,0.7060665903217482,0.7060665903221002,-0.03833691816508895,-0.0383369181650506,0.5,1
601,2.4617473108271692,22.15956503596555,1.0,0.7068491306535752,0.7068491306539285,-0.019080259749926075,-0.019080259749906993,0.5,1
602,2.39473393960262,22.275859774019104,1.0,0.7069021125434489,0.7069021125438023,-0.017004503431422863,-0.017004503431405856,0.5,1
603,2.3293534324793383,22.398077725780734,1.0,0.7066410289973277,0.7066410289976806,0.025655521979920864,0.025655521979895207,0.5,1
604,2.2713679768122126,22.548754014504528,1.0,0.7018793348185964,0.7018793348189423,0.0858204265719197,0.08582042657183386,1.0,1
605,2.2254304261346,22.729564909467367,1.0,0.706549830509974,0.7065498305103267,0.028055063930856,0.028055063930827944,0.5,1
606,2.193231418126017,22.885828443163028,1.0,0.7070989420283843,0.7070989420287379,-0.0032918348867186707,-0.0032918348867153786,1.0,1
607,2.178936787531487,22.96786618845306,1.0,0.7070944835633804,0.7070944835637339,-0.004140205993114947,-0.004140205993110806,1.0,1
608,2.183734917219457,22.941695157621684,1.0,0.7063925213788366,0.7063925213791891,0.03177035149873203,0.03177035149870026,1.0,1
609,2.205568863886684,22.780190685867918,1.0,0.7007088092710285,0.7007088092713725,0.09490474184108572,0.09490474184099082,1.0,1
610,2.2418716792169615,22.480093882575225,1.0,0.6820103878420206,0.6820103878423361,0.1867125120028876,0.18671251200270086,1.0,1
611,2.2738099321639944,21.574599465389525,1.0,0.6900244770297461,0.6900244770300739,0.15448611124870196,0.15448611124854744,0.5,1
612,2.3441594926317117,21.33537694835573,1.0,0.6399858369692789,0.6399858369695283,0.30069556579666484,0.30069556579636414,0.5,1
613,2.4588110777670424,21.119014918544703,1.0,0.6229746416439583,0.6229746416441801,0.33451797228979274,0.3345179722894583,1.0,1
614,2.589948303075063,21.076963339058604,1.0,0.6729706256966943,0.6729706256969957,0.2170489828220666,0.2170489828218496,1.0,1
615,2.717416877101263,21.316289856445742,1.0,0.6999584131653831,0.6999584131657259,0.10028940475838845,0.10028940475828817,1.0,1
616,2.806656440868845,22.02236249551882,1.0,0.7011126551422905,0.701112655142635,0.09187377485699932,0.09187377485690744,1.0,1
617,2.872252921998006,22.838917100505412,1.0,0.6994065247425073,0.6994065247428493,0.10406852363997622,0.10406852363987215,1.0,1
618,2.946591464760958,23.36969653635482,1.0,0.7006412987078771,0.700641298708221,0.09540186533722161,0.09540186533712622,0.5,1
619,3.02366754889521,23.570512911605565,1.0,0.7056518300958075,0.7056518300961588,0.04533479514211501,0.045334795142069666,0.5,1
620,3.0880843980984274,23.423596484883486,1.0,0.706831061280822,0.7068310612811751,0.019738303211656864,0.019738303211637127,1.0,1
621,3.047167317553162,23.836902951755945,1.0,0.707027193511077,0.7070271935114305,-0.010597055236656874,-0.010597055236646277,0.5,1
622,3.1005477602809797,23.487531712087637,1.0,0.7010406330309864,0.7010406330313309,0.09242173172153909,0.09242173172144666,1.0,1
623,3.261202577049957,21.639358523546537,1.0,0.706371399499733,0.7063713995000855,0.03223655453224149,0.03223655453220925,1.0,1
624,3.508457329185298,18.55261453853,1.0,0.7070999252626669,0.7070999252630205,-0.003073383934356908,-0.0030733839343538346,1.0,1
625,3.8426367838987674,14.183147054112405,1.0,0.7069273858908713,0.7069273858912246,-0.015919200693649358,-0.015919200693633437,1.0,1
626,,,,,,,,0.0,0
627,,,,,,,,0.0,0
628,,,,,,,,0.0,0
629,,,,,,,,0.0,0
630,,,,,,,,0.0,0
631,,,,,,,,0.0,0
632,,,,,,,,0.0,0
633,,,,,,,,0.0,0
634,,,,,,,,0.0,0
635,,,,,,,,0.0,0
636,,,,,,,,0.0,0
637,,,,,,,,0.0,0
638,,,,,,,,0.0,0
639,,,,,,,,0.0,0
640,,,,,,,,0.0,0
641,,,,,,,,0.0,0
642,,,,,,,,0.0,0
643,,,,,,,,0.0,0
644,,,,,,,,0.0,0
645,,,,,,,,0.0,0
646,,,,,,,,0.0,0
647,,,,,,,,0.0,0
648,,,,,,,,0.0,0
649,,,,,,,,0.0,0
650,,,,,,,,0.0,0
651,,,,,,,,0.0,0
652,,,,,,,,0.0,0
653,,,,,,,,0.0,0
654,,,,,,,,0.0,0
655,,,,,,,,0.0,0
656,,,,,,,,0.0,0
657,,,,,,,,0.0,0
658,,,,,,,,0.0,0
659,,,,,,,,0.0,0
660,4.2325270168499936,8.802993658097542,1.0,0.7069401275430875,0.7069401275434409,-0.01534294468493549,-0.015342944684920146,1.0,1
661,4.7332364376664815,1.9475357144890657,1.0,0.7069308044492782,0.7069308044496314,-0.015766660912861285,-0.015766660912845516,1.0,1
662,5.372456720094269,-6.373345612413709,1.0,0.7069025049897513,0.7069025049901045,-0.01698818103366643,-0.01698818103364944,1.0,1
663,6.479249238311336,-23.366676687180174,1.0,0.706394414849408,0.7063944148497605,-0.031728223480183095,-0.03172822348015136,1.0,1
664,5.945723731855927,-13.103239973500962,1.0,0.7069462406408937,0.706946240641247,-0.015058643042293327,-0.015058643042278268,1.0,1
665,5.162821811346733,-1.4058279520062336,1.0,0.7071000857977472,0.7071000857981008,0.0030362246638086132,0.0030362246638055766,1.0,1
666,4.973555768769708,2.0886521793399013,1.0,0.7067101317157588,0.706710131716112,0.02367571434426665,0.02367571434424297,1.0,1
667,4.875201430705541,3.951994404732737,1.0,0.7059973379017197,0.7059973379020715,0.03959176795078207,0.03959176795074248,1.0,1
668,4.843869575691765,4.540652228274876,1.0,0.7057000172961905,0.705700017296542,0.044578409466660494,0.04457840946661591,1.0,1
669,4.875679246015054,3.9569686316177517,1.0,0.7060920949855454,0.7060920949858974,0.0378642665320879,0.037864266532050044,1.0,1
670,4.974382493736758,2.0829188753350385,1.0,0.7067593985910522,0.7067593985914052,0.022156314168260315,0.022156314168238156,1.0,1
671,5.159252365193041,-1.4114052929434973,1.0,0.7071066029239426,0.7071066029242961,4.5840602538294014e-05,4.5840602538248165e-05,1.0,1
672,5.469838300312394,-7.3066428915947395,1.0,0.7066893060780465,0.7066893060783993,-0.024289388209552554,-0.024289388209528265,1.0,1
673,5.9984571222568155,-17.352052314946853,1.0,0.7057022863947351,0.7057022863950867,-0.044542473901638555,-0.044542473901594014,1.0,1
674,5.552910850877315,-9.014592847958804,1.0,0.7064098588722105,0.706409858872563,-0.03138249185043824,-0.031382491850406855,1.0,1
675,5.55497924231246,-9.017530138374532,1.0,0.7064740882342653,0.706474088234618,-0.02990170907670456,-0.029901709076674658,1.0,1
676,5.556240926933969,-8.98032322237108,1.0,0.7066691884531915,0.7066691884535444,-0.02486780612200823,-0.024867806121983367,1.0,1
677,5.561435091024347,-8.930194674971435,1.0,0.706902009146287,0.7069020091466403,-0.017008801257284687,-0.017008801257267676,1.0,1
678,5.564997973094568,-8.864401397990656,1.0,0.7070280794589672,0.7070280794593206,-0.010537779701148891,-0.010537779701138353,1.0,1
679,5.567020839778043,-8.796702494098719,1.0,0.7070900262422963,0.7070900262426498,-0.004841980684155971,-0.004841980684151128,1.0,1
680,5.564408732937006,-8.712131468132375,1.0,0.7071032193056114,0.707103219305965,0.002187977432885234,0.0021879774328830456,1.0,1
681,5.56876761707329,-8.665247795569579,1.0,0.7070932168107786,0.7070932168111322,0.004351175785752909,0.004351175785748557,1.0,1
682,5.572723451832684,-8.623882046000055,1.0,0.7070910879430723,0.7070910879434259,0.004684371944060395,0.00468437194405571,1.0,1
683,5.574355313954451,-8.573057978508002,1.0,0.707079601445876,0.7070796014462295,0.006179579277437002,0.006179579277430822,1.0,1
684,5.583800691078417,-8.608701229173265,1.0,0.7070969390497546,0.7070969390501082,0.0036971312707445585,0.003697131270740861,1.0,1
685,5.597313083613151,-8.670416701773135,1.0,0.7071063675805568,0.7071063675809103,0.0005787286610394953,0.0005787286610389166,1.0,1
686,5.605754070058131,-8.68359453588592,1.0,0.7071059696346671,0.7071059696350208,-0.0009474737824264266,-0.000947473782425479,1.0,1
687,5.614971595575752,-8.666920079014222,1.0,0.7071065797137471,0.7071065797141007,0.0001868836768670513,0.0001868836768668644,1.0,1
688,5.6212882301730955,-8.669243547992151,1.0,0.707106597096359,0.7071065970967128,-0.00010169956784744691,-0.0001016995678473452,1.0,1
689,5.633516703205597,-8.674040377735192,1.0,0.7071065317076075,0.707106531707961,-0.00032064994452074336,-0.0003206499445204227,1.0,1
690,5.63660877037125,-8.698267988709778,1.0,0.7071065664968084,0.707106566497162,-0.00023155359619026167,-0.0002315535961900301,1.0,1
691,5.647970390885529,-8.774347176441518,1.0,0.7071036205874203,0.7071036205877739,-0.0020542030210500407,-0.002054203021047987,1.0,1
692,5.641315522218262,-8.85609921073857,1.0,0.707098921133548,0.7070989211339015,-0.0032963201209151994,-0.003296320120911903,1.0,1
693,5.6342790042357365,-8.916586043264953,1.0,0.7070930103344296,0.707093010334783,-0.00438460107439394,-0.004384601074389555,1.0,1
694,5.639032813158407,-9.014460743869405,1.0,0.7070692219134836,0.7070692219138371,-0.007270859386993435,-0.007270859386986163,1.0,1
695,5.644527932401891,-9.057042384189668,1.0,0.7070586991744255,0.707058699174779,-0.008230789020003067,-0.008230789019994836,1.0,1
696,5.652303744815057,-9.047513636015236,1.0,0.7070611238475111,0.7070611238478647,-0.008019794968199274,-0.008019794968191255,1.0,1
697,5.66003809361955,-9.0029250765206,1.0,0.7070747567754364,0.70707475677579,-0.00671105866732336,-0.006711058667316649,1.0,1
698,5.6720357248037985,-8.969682104697618,1.0,0.707078421645188,0.7070784216455415,-0.006313131063149938,-0.006313131063143624,1.0,1
699,5.691710024451928,-8.927530667555986,1.0,0.7070836460926968,0.7070836460930505,-0.005698018254014805,-0.005698018254009105,1.0,1
700,5.702166581210499,-8.904976682213956,1.0,0.7070884598414168,0.7070884598417704,-0.005065564752579811,-0.0050655647525747445,1.0,1
701,5.711207898972061,-8.89227744543152,1.0,0.7070931721946456,0.7070931721949992,-0.004358420151264769,-0.00435842015126041,1.0,1
702,5.708035291693942,-8.909647468003453,1.0,0.7070914223227098,0.7070914223230634,-0.004633623518533294,-0.00463362351852866,1.0,1
703,5.710321451272302,-8.912462311894,1.0,0.707089039074856,0.7070890390752095,-0.004984055354414181,-0.004984055354409197,1.0,1
704,5.713513325174038,-8.914467637112724,1.0,0.7070866617870922,0.7070866617874458,-0.005310622250178784,-0.005310622250173475,1.0,1
705,5.716246139729899,-8.918868574039358,1.0,0.7070881334750659,0.7070881334754194,-0.005110918282074125,-0.005110918282069014,1.0,1
706,5.717249683378779,-8.91468831731256,1.0,0.7070891442265765,0.70708914422693,-0.0049691150702114405,-0.0049691150702064705,1.0,1
707,5.709574017123928,-8.920719601751477,1.0,0.7070877507875768,0.7070877507879305,-0.005163591079236835,-0.005163591079231671,1.0,1
708,5.699842464364579,-8.923395583106682,1.0,0.7070872026267844,0.707087202627138,-0.005238116809414539,-0.005238116809409302,1.0,1
709,5.689410402934099,-8.91952888488893,1.0,0.7070835870067246,0.7070835870070781,-0.0057053456886691336,-0.005705345688663429,1.0,1
710,5.670976798648582,-8.938161551925376,1.0,0.7070843804025274,0.7070843804028808,-0.00560615510475577,-0.005606155104750164,1.0,1
711,5.652297455009181,-8.954987854423727,1.0,0.7070819207969816,0.7070819207973351,-0.005908237012533502,-0.005908237012527594,1.0,1
712,5.637018508716986,-8.970190783548988,1.0,0.7070790814000834,0.7070790814004368,-0.006238800121142029,-0.006238800121135792,1.0,1
713,5.632019796488474,-8.976236500688733,1.0,0.7070788607755117,0.7070788607758651,-0.006263754847191708,-0.006263754847185444,1.0,1
714,5.620228736790229,-8.990874627292598,1.0,0.7070728239008242,0.7070728239011776,-0.006911705797134358,-0.006911705797127447,1.0,1
715,5.626949201466884,-8.984848743061358,1.0,0.7070790323257383,0.7070790323260918,-0.006244359518801312,-0.006244359518795067,1.0,1
716,5.614802919051926,-8.971223515969703,1.0,0.7070739291425029,0.7070739291428565,-0.006797698424938616,-0.006797698424931818,1.0,1
717,5.629641145286885,-8.945463843501813,1.0,0.7070731677027421,0.7070731677030957,-0.006876444660216006,-0.0068764446602091285,1.0,1
718,5.668383678240886,-8.904085293853896,1.0,0.7070775188709175,0.7070775188712709,-0.006413445780510982,-0.0064134457805045675,1.0,1
719,5.743064890421588,-8.845031110750266,1.0,0.7070728912065681,0.7070728912069216,-0.006904816937781099,-0.006904816937774194,1.0,1
720,5.786909219700856,-8.842036654407144,1.0,0.7070694726090411,0.7070694726093945,-0.007246438995427399,-0.007246438995420154,1.0,1
721,5.8099164468397895,-8.857998306307106,1.0,0.7070553347614003,0.7070553347617539,-0.008514901595865392,-0.008514901595856874,1.0,1
722,5.8104901686744,-8.895657527327668,1.0,0.7070502695553861,0.7070502695557397,-0.008925597000566792,-0.008925597000557863,1.0,1
723,5.797139820404309,-8.953427396561763,1.0,0.7070451853584252,0.7070451853587787,-0.009319646883587971,-0.009319646883578652,1.0,1
724,5.753317467134671,-9.02067350886244,1.0,0.7070461832484889,0.7070461832488423,-0.009243630835055623,-0.009243630835046377,1.0,1
725,5.710517896373318,-9.048934472567845,1.0,0.7070736694020313,0.7070736694023848,-0.006824662266872181,-0.006824662266865356,1.0,1
726,5.646504992924178,-9.06275183123553,1.0,0.7070781021437383,0.7070781021440918,-0.0063488147440186665,-0.006348814744012317,1.0,1
727,5.62390924095,-9.047078769181784,1.0,0.7070862178150347,0.7070862178153882,-0.005369409801202099,-0.005369409801196729,1.0,1
728,5.6225122836699,-8.99641746928399,1.0,0.70709235453335,0.7070923545337036,-0.0044891146573476735,-0.004489114657343184,1.0,1
729,5.647784576163216,-8.952644773967855,1.0,0.707090170923376,0.7070901709237296,-0.004820806149418732,-0.004820806149413912,1.0,1
730,5.821472113808565,-16.848593306415506,1.0,0.7070525558997857,0.7070525559001393,-0.008742605867712782,-0.00874260586770404,1.0,1
731,5.603648832033943,-7.294003614075012,1.0,0.7070847488452634,0.7070847488456171,-0.0055594905320385255,-0.005559490532032965,1.0,1
732,5.473846522691296,-1.6290412008595339,1.0,0.7071064728168743,0.7071064728172278,-0.0004313935395118602,-0.0004313935395114288,1.0,1
733,5.401318317234,1.7403142330810577,1.0,0.7070948294741773,0.707094829474531,0.004080701233580851,0.00408070123357677,1.0,1
734,5.360628127162918,3.5492902758562366,1.0,0.7070451105099845,0.7070451105103379,0.009325323610232403,0.009325323610223079,1.0,1
735,5.411758927732867,-0.4850404785550567,1.0,0.7071036954218823,0.7071036954222361,0.0020282797294323314,0.0020282797294303026,1.0,1
736,5.399850405031777,0.09963230429374538,1.0,0.7067217502188119,0.706721750219165,0.02332632622821167,0.02332632622818834,1.0,1
737,5.35561604280714,3.8475735138250524,1.0,0.7070063307000521,0.7070063307004055,0.011907908260040168,0.011907908260028258,1.0,1
738,5.301889064535532,11.571788749363597,1.0,0.7064691154333466,0.7064691154336991,0.030018968793806337,0.03001896879377632,1.0,1
739,5.30182377019677,14.531180257269808,1.0,0.7060191760139334,0.7060191760142854,0.03920041236905544,0.039200412369016245,1.0,1
740,5.355401866384505,12.082175962288723,1.0,0.7066380572025581,0.7066380572029111,0.025737245022592534,0.025737245022566798,1.0,1
741,5.267109987929244,18.177294053513407,1.0,0.7036559492187066,0.7036559492190548,0.06977143162621163,0.06977143162614187,1.0,1
742,5.273782925216385,19.19631300428658,1.0,0.70399887235687,0.7039988723572189,0.06622186578610514,0.06622186578603892,1.0,1
743,5.305449733525996,18.16603359962578,1.0,0.7056327810404346,0.705632781040786,0.045630332847002165,0.04563033284695653,1.0,1
744,5.37010891292133,14.599340007930083,1.0,0.7065000599592376,0.7065000599595901,0.02928164695079791,0.029281646950768632,1.0,1
745,5.50623898311975,6.219562282678383,1.0,0.7067285331095733,0.7067285331099263,0.02311990962872613,0.02311990962870301,1.0,1
746,5.5673434887073885,0.3848875081358309,1.0,0.7056769816773871,0.7056769816777386,0.04494159005560947,0.04494159005556453,1.0,1
747,5.516936464613185,-9.109569878271342,1.0,0.7065660577990389,0.7065660577993916,0.02764336418860378,0.02764336418857613,1.0,1
748,5.476596657768756,-5.438172519591561,1.0,0.7063038052197327,0.706303805220085,0.0336850733039891,0.03368507330395541,1.0,1
749,5.543462443702681,-3.992611816073364,1.0,0.7047904932522258,0.7047904932525757,0.05718486666479877,0.05718486666474158,1.0,1
750,5.678255914527064,-0.4339048985645671,1.0,0.7028259158784962,0.7028259158788435,0.07768834478189333,0.07768834478181563,1.0,1
751,5.731912989232835,11.839546205857808,1.0,0.7013192789078264,0.7013192789081711,0.09028297120260821,0.09028297120251794,1.0,1
752,5.8121648824452885,17.51891212620568,1.0,0.7038499741071446,0.7038499741074931,0.0677861463028289,0.06778614630276113,1.0,1
753,5.911153977158175,21.946114346265748,1.0,0.706244431317136,0.7062444313174883,0.03490777309958691,0.034907773099552,1.0,1
754,5.9949520429231615,24.7038968494885,1.0,0.7069096156482625,0.7069096156486158,0.016689672395707577,0.016689672395690885,1.0,1
755,6.055986714623655,25.86833742409844,1.0,0.7069372418667293,0.7069372418670826,0.015475333342497956,0.01547533334248248,1.0,1
756,6.075107788995123,24.990213999949916,1.0,0.7069711773203037,0.7069711773206572,0.013838509405103309,0.01383850940508947,1.0,1
757,6.056681141429252,21.48582550339344,1.0,0.7069420101928141,0.7069420101931676,0.015255953202508284,0.015255953202493025,1.0,1
758,5.993816340834757,17.77050170122826,1.0,0.7069027651784849,0.7069027651788382,0.01697735075958112,0.01697735075956414,0.5,1
759,5.8796412210214,12.418495374198496,1.0,0.7049090510908245,0.7049090510911747,0.05570438159660712,0.05570438159655142,0.5,1
760,5.7377913181208475,5.188886611529204,1.0,0.7016408641178065,0.7016408641181517,0.08774875434952041,0.08774875434943265,1.0,1
761,5.584395894942515,-3.5257993779524623,1.0,0.6963842494645428,0.6963842494648801,0.12267322177181281,0.12267322177169013,0.5,1
762,5.461312752717622,-11.01326605929494,1.0,0.6980525437380569,0.6980525437383969,0.11279357097621633,0.11279357097610353,0.5,1
763,5.526934084572987,-12.388293539550604,1.0,0.7038936539478432,0.7038936539481919,0.06733106002792803,0.06733106002786073,0.5,1
764,5.660641595380365,-10.669705272719044,1.0,0.7065844609811244,0.7065844609814773,0.027168900058609387,0.027168900058582215,0.5,1
765,5.788778769204461,-8.46408717006828,1.0,0.707104900527352,0.7071049005277055,0.0015523044156824316,0.0015523044156808793,0.5,1
766,5.847598956695295,-8.579640752341998,1.0,0.7070424585389334,0.707042458539287,-0.00952427308808958,-0.009524273088080055,0.5,1
767,5.889012693275082,-8.666432606418619,1.0,0.7069407479113445,0.7069407479116978,-0.015314333979307652,-0.015314333979292334,1.0,1
768,5.912278888399077,-8.721124819896549,1.0,0.7068927586821051,0.7068927586824584,-0.017389007203498272,-0.017389007203480883,1.0,1
769,5.91881200472841,-8.759234759956081,1.0,0.7069137649523425,0.7069137649526956,-0.016512988357381846,-0.01651298835736533,1.0,1
770,5.90981660948955,-8.768009601628057,1.0,0.7069653548781336,0.7069653548784869,-0.014132830648053504,-0.01413283064803937,1.0,1
771,5.892298847540197,-8.775998401160969,1.0,0.7070310542862358,0.7070310542865893,-0.010336257614025932,-0.010336257614015595,1.0,1
772,5.868842494749679,-8.780933270492566,1.0,0.7070638127506964,0.7070638127510498,-0.0077791174426990305,-0.007779117442691252,1.0,1
773,5.851180527106137,-8.7814752364342,1.0,0.7070861601770811,0.7070861601774348,-0.005376994660054155,-0.005376994660048777,1.0,1
774,5.831604749837305,-8.771851956495855,1.0,0.7070917134853676,0.7070917134857212,-0.004588976988067878,-0.004588976988063289,1.0,1
775,5.808770167437226,-8.76980744183677,1.0,0.7070951100038837,0.7070951100042374,-0.004031798664068995,-0.004031798664064962,1.0,1
776,5.783380803752186,-8.75870385356503,1.0,0.7071006234924909,0.7071006234928444,-0.00290830746335354,-0.0029083074633506315,1.0,1
777,5.763817535196042,-8.753061062430445,1.0,0.7071010768812518,0.7071010768816053,-0.002795902263225128,-0.0027959022632223322,1.0,1
778,5.7485842995143255,-8.758527441711461,1.0,0.7071013708811129,0.7071013708814665,-0.0027205319976186643,-0.002720531997615944,1.0,1
779,5.739452117015689,-8.78009041502988,1.0,0.707102094668887,0.7071020946692407,-0.0025254131708514604,-0.0025254131708489346,1.0,1
780,5.73351775118155,-8.805796869802242,1.0,0.7071020928760099,0.7071020928763634,-0.0025259151166553864,-0.0025259151166528602,1.0,1
781,5.7323945271639065,-8.846081003094623,1.0,0.7071008192716065,0.7071008192719602,-0.0028603114047450083,-0.0028603114047421477,1.0,1
782,5.730142601155511,-8.889708959926708,1.0,0.7070929029481346,0.7070929029484883,-0.004401884902080628,-0.004401884902076225,1.0,1
783,5.729873204940728,-8.898105365516153,1.0,0.7070915847678315,0.7070915847681851,-0.004608767719875702,-0.004608767719871093,1.0,1
784,5.731319977424798,-8.896392358862077,1.0,0.7070907799873276,0.7070907799876811,-0.0047306284701735405,-0.00473062847016881,1.0,1
785,5.729561430946808,-8.878288591791689,1.0,0.7070923766343509,0.7070923766347043,-0.00448563212095446,-0.004485632120949974,1.0,1
786,5.7063992243371375,-10.01899632057635,1.0,0.7070973441245542,0.7070973441249077,-0.0036188292932594086,-0.0036188292932557895,1.0,1
787,5.68822379896496,-10.900033590376726,1.0,0.7070992827973503,0.7070992827977041,-0.0032178039554116846,-0.0032178039554084667,1.0,1
788,5.696433737725695,-10.29442802868898,1.0,0.7071008589212102,0.7071008589215637,-0.0028504927335492782,-0.0028504927335464276,1.0,1
789,5.7453048900209565,-7.519463807459805,1.0,0.707100696274396,0.7071006962747496,-0.002890557746646371,-0.0028905577466434807,1.0,1
790,5.83039122706654,-2.7756459203523307,1.0,0.7070962528379588,0.7070962528383126,-0.0038261227368668136,-0.0038261227368629872,1.0,1
791,5.937024754606779,3.0548040892999686,1.0,0.7070779295828076,0.7070779295831612,-0.006368004131036289,-0.00636800413102992,0.5,1
792,6.05853788079153,9.501835611143596,1.0,0.7070158602180171,0.7070158602183706,-0.011327989053641583,-0.011327989053630255,0.5,1
793,6.161232335643319,14.967284437927889,1.0,0.7068583006395953,0.7068583006399485,-0.018737466243714616,-0.018737466243695874,0.5,1
794,6.236047049145972,19.059163732565768,1.0,0.7066111602986044,0.7066111602989573,-0.026465407436139086,-0.02646540743611263,0.5,1
795,6.282883632123668,21.84919969446886,1.0,0.7064212975662493,0.706421297566602,-0.031123943508623426,-0.031123943508592298,0.5,1
796,6.304687620994697,23.465942929535785,1.0,0.706449775425607,0.7064497754259595,-0.030470712758564514,-0.03047071275853404,1.0,1
797,6.247777568756547,24.180590225326426,1.0,0.7070801983144173,0.707080198314771,-0.00611090279511864,-0.006110902795112528,1.0,1
798,6.256870321360946,24.72393192714523,1.0,0.7068138270808723,0.7068138270812254,0.020346096434896245,0.020346096434875897,0.5,1
799,6.353251254916138,25.216381903335943,1.0,0.706652275501701,0.7066522755020538,0.02534385934897166,0.025343859348946316,0.5,1
800,6.47282334551874,25.60746726525569,1.0,0.706901161029765,0.7069011610301182,0.01704401330195199,0.017044013301934943,0.5,1
801,6.534009611230089,25.83067187223351,1.0,0.7044372043358682,0.7044372043362177,0.06138381911530009,0.061383819115238714,1.0,1
802,6.555381041114577,26.12556894773977,1.0,0.6966648470581269,0.6966648470584649,0.1210695392047088,0.12106953920458771,1.0,1
803,6.511720660518865,26.227182542064494,1.0,0.6906185454503813,0.69061854545071,0.15180830873302648,0.15180830873287468,1.0,1
804,6.427373225860225,26.252288553424833,1.0,0.6694430780973757,0.6694430780976717,0.22769647837812085,0.22769647837789317,0.5,1
805,6.291756150562149,26.09888490835431,1.0,0.6408426944774198,0.6408426944776706,0.2988650808668378,0.2988650808665389,1.0,1
806,6.105656649873177,25.763201716515695,1.0,0.6038896426342943,0.6038896426344843,0.3678545320581815,0.3678545320578136,1.0,1
807,5.869105652396062,25.23281117122626,1.0,0.5449601679571949,0.5449601679572811,0.450575181783422,0.4505751817829714,1.0,1
808,5.750037509215623,25.050936746589095,1.0,0.5206787746175614,0.5206787746176018,0.4784277924513103,0.4784277924508318,1.0,1
809,5.722386659472996,25.072382712058698,1.0,0.5139838290342988,0.5139838290343265,0.48561316943488503,0.48561316943439936,1.0,1
810,5.710871108315733,25.12011442105119,1.0,0.5172354983632215,0.5172354983632554,0.4821482883935207,0.4821482883930385,1.0,1
811,5.671060220274672,25.07213413217789,1.0,0.5284826648510139,0.5284826648510694,0.4697931729979318,0.4697931729974619,1.0,1
812,5.646018567474176,25.051339342084304,1.0,0.569314512331871,0.5693145123320011,0.4193812112959556,0.41938121129553624,1.0,1
813,5.611459018833672,25.00054859961624,1.0,0.5982425404466457,0.5982425404468259,0.3769688495553861,0.37696884955500914,1.0,1
814,5.601369335155117,25.05069159863994,1.0,0.5884964534570697,0.5884964534572334,0.3920096469979971,0.3920096469976051,1.0,1
815,5.584796408286297,25.06561883760202,1.0,0.5939198240449199,0.5939198240450931,0.3837432582326719,0.38374325823228816,1.0,1
816,5.566886476904137,25.09877494128716,1.0,0.5988837585707298,0.5988837585709114,0.3759493253124283,0.37594932531205233,1.0,1
817,5.548691988383551,25.15507028128709,1.0,0.5923135952102371,0.5923135952104073,0.38621787715893846,0.3862178771585523,1.0,1
818,5.531903278621932,25.21537703042967,1.0,0.5842243495747199,0.5842243495748761,0.39834851968747687,0.3983485196870784,1.0,1
819,5.5117434163314964,25.290872780072892,1.0,0.5743445643283842,0.5743445643285232,0.41246568644159903,0.41246568644118653,1.0,1
820,5.488108071119231,25.372329449759288,1.0,0.5478878706620803,0.547887870662172,0.44701058686200584,0.4470105868615588,1.0,1
821,5.448298097937656,26.535885227716133,1.0,0.5151223027233122,0.515122302723342,0.484405349024504,0.48440534902401966,1.0,1
822,5.445268246105558,25.22303324407088,1.0,0.5978567087129979,0.5978567087131775,0.37758046312154797,0.37758046312117033,1.0,1
823,5.44027755100716,24.086523352839478,1.0,0.6276230638537974,0.6276230638540266,0.3257130215210087,0.325713021520683,1.0,1
824,5.411265116413253,24.533030571625982,1.0,0.6135737416865219,0.6135737416867281,0.3514639831958021,0.3514639831954506,1.0,1
825,5.399893689247636,23.708966849307558,1.0,0.6390243557610295,0.6390243557612771,0.3027334911042675,0.3027334911039648,1.0,1
826,5.4031196840209414,21.767754789471905,1.0,0.6796406512839167,0.6796406512842285,0.19516227736918337,0.1951622773689882,1.0,1
827,5.423746732280158,18.68044155381787,1.0,0.6996880790895642,0.6996880790899066,0.10215839001552361,0.10215839001542146,1.0,1
828,5.465092790155983,14.387978092395862,1.0,0.705398565636788,0.705398565637139,0.049118350801005135,0.04911835080095601,1.0,1
829,5.51580455055596,9.05804364075216,1.0,0.7067178868222972,0.7067178868226502,0.02344308363539327,0.023443083635369823,1.0,1
830,5.575498486568693,3.6542570463567245,1.0,0.7070038921942704,0.7070038921946239,0.012051819344329242,0.01205181934431719,1.0,1
831,5.6238617387284195,0.39158902954037134,1.0,0.7070818906861294,0.7070818906864828,0.0059118394982021595,0.0059118394981962485,1.0,1
832,5.809271608960499,-15.04180992237188,1.0,0.7071031348980927,0.7071031348984462,-0.0022150879974345374,-0.0022150879974323218,1.0,1
833,5.860789050147588,-17.47067068726171,1.0,0.7070992170124804,0.707099217012834,-0.0032322275776083013,-0.003232227577605069,1.0,1
834,5.769447256117807,-8.847580955963746,1.0,0.7071066040797812,0.7071066040801348,2.1604612952754795e-05,2.160461295273319e-05,1.0,1
835,5.787480017037443,-8.816679468277073,1.0,0.7071066002668802,0.7071066002672337,-7.654418052619017e-05,-7.654418052611361e-05,1.0,1
836,5.799450922474,-8.74787360778115,1.0,0.7071060794799892,0.7071060794803428,0.0008616043570114741,0.0008616043570106123,1.0,1
837,5.811584038461242,-8.672575558648907,1.0,0.707104020511714,0.7071040205120676,0.0019115894806479043,0.0019115894806459926,1.0,1
838,5.831590865201504,-8.604783775707237,1.0,0.7071021930974373,0.7071021930977909,0.002497701678590327,0.0024977016785878293,1.0,1
839,5.85823327720628,-8.555562164244227,1.0,0.7071003520189652,0.7071003520193189,0.002973578691464764,0.00297357869146179,1.0,1
840,5.8929499559531235,-8.533204968634546,1.0,0.7070965735781228,0.7070965735784763,0.0037663811524280546,0.003766381152424288,1.0,1
841,5.931760765012934,-8.561270227948972,1.0,0.7070823551300562,0.70708235513041,0.005856026518493179,0.005856026518487323,0.5,1
842,5.979521282186476,-8.638728548922733,1.0,0.7070407838551725,0.7070407838555259,0.009647793473884772,0.009647793473875123,1.0,1
843,6.025046277317375,-8.751461653491232,1.0,0.7069460503720311,0.7069460503723846,0.015067572791215292,0.015067572791200225,0.5,1
844,6.0604372758425695,-8.857141709588257,1.0,0.7067944790671709,0.706794479067524,0.021007478176001324,0.021007478175980313,0.5,1
845,6.078115458066295,-8.927805142453064,1.0,0.7066151836266976,0.7066151836270503,0.026357767742360774,0.026357767742334413,0.5,1
846,6.070992129693993,-8.984042092368,1.0,0.706313000813752,0.7063130008141045,0.03349170523228395,0.03349170523225046,1.0,1
847,6.045991620794165,-9.02200417130246,1.0,0.705863592006097,0.7058635920064488,0.041908693596768555,0.041908693596726644,0.5,1
848,6.008216776041156,-9.041653267709401,1.0,0.705144956046182,0.7051449560465326,0.052634015329869305,0.052634015329816666,0.5,1
849,5.957229642738536,-9.046892927825343,1.0,0.7038341734714448,0.7038341734717934,0.06795001047575891,0.06795001047569098,0.5,1
850,5.897835946838185,-9.042938445420923,1.0,0.701141763749508,0.7011417637498527,0.09165136580809861,0.09165136580800695,0.5,1
851,5.83673588831883,-9.037104385819214,1.0,0.694898612861447,0.694898612861782,0.13082682821999103,0.13082682821986022,0.5,1
852,5.782501757628844,-9.038791419712936,1.0,0.6792527062709366,0.6792527062712478,0.19650824435620826,0.19650824435601172,0.5,1
853,5.721635566243139,-9.043853413887815,1.0,0.4758900509989635,0.4758900509994394,0.5229992374461092,0.5229992374460641,0.5,1
854,5.6647934643198035,-9.055950030848367,1.0,0.3395718733828634,0.3395718733832029,0.6202343249702036,0.6202343249699865,0.5,1
855,5.613839782837372,-9.048328267944177,1.0,0.3830796427339468,0.3830796427343299,0.5943480743350702,0.5943480743348966,0.5,1
856,5.576329531380623,-9.02354577716177,1.0,0.5963506069106459,0.596350606910823,0.37995473697910526,0.3799547369787253,0.5,1
857,5.549200976361017,-9.007727745464777,1.0,0.6926370979220323,0.692637097922364,0.14231510822064367,0.14231510822050134,1.0,1
858,5.530188479549629,-8.98712549989249,1.0,0.7048777408002409,0.7048777408005911,0.05609918841504378,0.05609918841498768,1.0,1
859,5.523343216866653,-8.955847547826128,1.0,0.7067578107577194,0.7067578107580724,0.02220690627124193,0.022206906271219722,1.0,1
860,5.525161809301944,-8.934845159959139,1.0,0.7070755163514574,0.7070755163518108,0.006630547061596259,0.006630547061589627,1.0,1
861,5.533042689052462,-8.922993123660701,1.0,0.7071051228434215,0.707105122843775,-0.001447496992100593,-0.0014474969920991456,1.0,1
862,5.54324725582434,-8.919305426717557,1.0,0.7070834887560705,0.707083488756424,-0.005717509265221099,-0.005717509265215382,1.0,1
863,5.545286534118433,-8.930103861653619,1.0,0.7070908227061123,0.707090822706466,-0.004724238947542525,-0.0047242389475378,1.0,1
864,5.551547778058753,-8.946476538105593,1.0,0.7070957911990658,0.7070957911994196,-0.00391050647881029,-0.00391050647880638,1.0,1
865,5.782177561177196,-17.53864366986984,1.0,0.7071015375404147,0.7071015375407683,-0.0026768646582579496,-0.0026768646582552725,1.0,1
866,5.729649210162582,-15.124874958255022,1.0,0.70709466516687,0.7070946651672233,-0.004109073388198609,-0.0041090733881945,1.0,1
867,5.482186367286132,-5.608238015001099,1.0,0.7069041608382826,0.7069041608386358,-0.01691913846250411,-0.01691913846248719,1.0,1
868,5.209890350556437,4.501886359519934,1.0,0.705799374530227,0.7057993745305784,-0.04297664465524526,-0.04297664465520229,1.0,1
869,4.995334149660496,12.696581657050382,1.0,0.7050094954784298,0.7050094954787802,-0.05441837737154983,-0.0544183773714954,1.0,1
870,4.840091735358565,18.576278106632053,1.0,0.7067344706506584,0.7067344706510116,-0.022937692359702753,-0.022937692359679813,1.0,1
871,4.736125923299295,22.57633919135954,1.0,0.6938714993471704,0.6938714993475041,0.13616931653513373,0.13616931653499756,1.0,1
872,4.638326406449834,26.254483993506554,1.0,0.5072866253320286,0.5072866253320432,0.4926051096169534,0.49260510961646087,1.0,1
873,4.611179989695196,27.26863691181494,1.0,0.451050196301484,0.451050196301935,0.544567074755082,0.5445670747549965,1.0,1
874,4.6372217004695075,26.31190552591618,1.0,0.45114526032942665,0.4511452603298778,0.5444883216849261,0.5444883216848408,1.0,1
875,4.734962209179174,22.736161044939777,1.0,0.4920092668594362,0.4920092668599282,0.5078645456126227,0.5078645456126072,1.0,1
876,4.8426538832122,18.846134684632226,1.0,0.5816729451426037,0.5816729451427556,0.40206493933507614,0.402064939334674,1.0,1
877,4.999330309118453,13.061641079182422,1.0,0.6853121648870943,0.6853121648874149,0.17420381885560388,0.17420381885542965,1.0,1
878,5.215658746610176,4.838989451290232,1.0,0.705409940596722,0.705409940597073,0.048954718907163026,0.048954718907114066,1.0,1
879,5.489235807629796,-5.42186355124445,1.0,0.707074605971732,0.7070746059720855,0.006726928518440073,0.006726928518433346,1.0,1
880,5.737631434049846,-15.044666703006419,1.0,0.7070649683850878,0.7070649683854413,-0.0076733599649154265,-0.007673359964907752,1.0,1
881,5.798911681593934,-17.499125977828356,1.0,0.7070303677237482,0.7070303677241017,-0.010383114297039905,-0.01038311429702952,1.0,1
882,5.563666835169429,-8.925284898000353,1.0,0.7071035430617776,0.7071035430621313,-0.0020807179809046194,-0.0020807179809025386,1.0,1
883,5.5623568792432305,-8.989274044393294,1.0,0.7071045177125518,0.7071045177129054,-0.0017178559381035197,-0.0017178559381018017,1.0,1
884,5.565872820859158,-9.018300356686442,1.0,0.7071058003114917,0.7071058003118452,-0.0010663795179302433,-0.0010663795179291769,1.0,1
885,5.572868153299864,-8.998728928526267,1.0,0.7071065316937014,0.707106531694055,0.00032068060901789617,0.0003206806090175754,1.0,1
886,5.576484250422885,-8.99710532147256,1.0,0.7071050148441118,0.7071050148444655,0.0014993269104301087,0.0014993269104286095,1.0,1
887,5.5791295104571,-8.991184416710798,1.0,0.7071043182573865,0.70710431825774,0.0017980823507601693,0.001798082350758371,1.0,1
888,5.580043219937485,-8.982333681379602,1.0,0.7071029735423056,0.7071029735426593,0.002266010825672186,0.00226601082566992,1.0,1
889,5.583530133993027,-8.965130657331066,1.0,0.7071049338980986,0.7071049338984522,0.0015370282315103907,0.0015370282315088535,1.0,1
890,5.582542899581199,-8.947171541010551,1.0,0.7071058992696619,0.7071058992700155,-0.000998607802950701,-0.0009986078029497025,1.0,1
891,5.582812781902325,-8.933776034383804,1.0,0.707104869992823,0.7071048699931767,-0.0015661517188623486,-0.001566151718860782,1.0,1
892,5.580327797749032,-8.964892262766371,1.0,0.7071046309692135,0.7071046309695671,-0.0016705868720090216,-0.001670586872007351,1.0,1
893,5.5791630637545175,-8.987402110491713,1.0,0.7071035671884822,0.7071035671888359,-0.0020725026359247104,-0.002072502635922638,1.0,1
894,5.5784232048522195,-9.011484154257817,1.0,0.7070992493822028,0.7070992493825563,-0.003225138434943568,-0.003225138434940342,1.0,1
895,5.5743362942379555,-9.035563000399542,1.0,0.707092457183909,0.7070924571842625,-0.004472916679083648,-0.004472916679079175,1.0,1
896,5.568785489504446,-9.062012347035628,1.0,0.7070914820857503,0.7070914820861038,-0.004624494684144998,-0.0046244946841403735,1.0,1
897,5.566439056504148,-9.087487054978263,1.0,0.7070822439151578,0.7070822439155113,-0.005869439724452051,-0.0058694397244461825,1.0,1
898,5.567584282668209,-9.106684662184504,1.0,0.7070731145633413,0.7070731145636948,-0.006881906568208499,-0.006881906568201616,1.0,1
899,5.5717352967160725,-9.1153311818805,1.0,0.7070508783600536,0.7070508783604071,-0.008877238921412959,-0.00887723892140408,1.0,1
